"Player","Team","MP","GS","Goals","Shots","Shots.per.90","Shot.Accuracy","Shot.GK.Stop","Shot.Def.Stop","Shot.Miss","xG","Shot.Pressed","Pct.Shots.Pressed","A6.Shots","A18.Shots","A3L.Shots","A3C.Shots","A3R.Shots","Far.Shots","Assists","Key.Passes","Key.Assists","Second.Assists","Assists.per.90","Key.Passes.per.90","Big.Chances","Big.Chances.per.90","BC.Scored","BC.Conversion.Pct","BC.SOG","BC.Shot.Miss","BC.Dispossess","BC.Created","BC.Lost","Pass.Comp","Pass.Att","Pass.Comp.Pct","opPass.Comp","opPass.Att","opPass.Comp.Pct","opPPass.Comp","opPPass.Att","opPPass.Comp.Pct","Pct.opPass.Pressed","rFreq.Pass.Fwd","rFreq.Pass.Side","rFreq.Pass.Back","fwPass.Comp","fwPass.Att","fwPass.Comp.Pct","sPass.Comp","sPass.Att","sPass.Comp.Pct","bPass.Comp","bPass.Att","bPass.Comp.Pct","rFreq.A3.Passes","rFreq.M3.Passes","rFreq.D3.Passes","A3Pass.Comp","A3Pass.Att","A3Pass.Comp.Pct","M3Pass.Comp","M3Pass.Att","M3Pass.Comp.Pct","D3Pass.Comp","D3Pass.Att","D3Pass.Comp.Pct","rFreq.A3.opPasses","rFreq.M3.opPasses","rFreq.D3.opPasses","A3opPass.Comp","A3opPass.Att","A3opPass.Comp.Pct","M3opPass.Comp","M3opPass.Att","M3opPass.Comp.Pct","D3opPass.Comp","D3opPass.Att","D3opPass.Comp.Pct","Pass.Comp.D3toD3","Pass.Comp.D3toM3","Pass.Comp.D3toA3","Pass.Comp.M3toD3","Pass.Comp.M3toM3","Pass.Comp.M3toA3","Pass.Comp.A3toD3","Pass.Comp.A3toM3","Pass.Comp.A3toA3","rFreq.opPass.Fwd","rFreq.opPass.Side","rFreq.opPass.Back","fwopPass.Comp","fwopPass.Att","fwopPass.Comp.Pct","sopPass.Comp","sopPass.Att","sopPass.Comp.Pct","bopPass.Comp","bopPass.Att","bopPass.Comp.Pct","Pct.Passes.Pressed","PPass.Comp","PPass.Att","PPass.Comp.Pct","rFreq.PPass.Fwd","rFreq.PPass.Side","rFreq.PPass.Back","fwPPass.Comp","fwPPass.Att","fwPPass.Comp.Pct","sPPass.Comp","sPPass.Att","sPPass.Comp.Pct","bPPass.Comp","bPPass.Att","bPPass.Comp.Pct","Cross.Comp","Cross.Att","Cross.Att.per.90","Cross.Att.per.opPass","Cross.Comp.Pct","Corner.Crosses","Deep.Crosses","Launch.Comp","Launch.Att","Launch.Att.per.90","Launch.Att.per.Pass","Launch.Comp.Pct","Through.Comp","Through.Att","Through.Att.per.90","Through.Att.per.Pass","Through.Att.per.opPass","Through.Comp.Pct","Throw.In.Comp","Throw.In.Att","Throw.In.Att.per.90","Throw.In.Att.per.Pass","Throw.In.Comp.Pct","Corner.Kicks.Completed","Corner.Kicks.Taken","CK.Comp.Pct","CK.Assist","CK.Key.Pass","FK.Pass.Comp","FK.Pass.Att","FK.Pass.Comp.Pct","FK.Assist","FK.Key.Pass","FK.Shot","FK.Scored","Free.Kicks.Taken","Take.Ons","TO.Won","TO.Lost","TO.Win.Pct","Dispossessed","Lost.Touches","All.Possessions.Disrupted","Aerial.Duels","AD.Won","AD.Lost","AD.Win.Pct","Tackles","Dispossesses","Dribbled","Press.Opp","Challenge.Opp","Recoveries","Def.Recoveries","Poss.Recoveries","Interceptions","Int.per.90","Int.per.OP.Pass","Blocks","Clearances","Ball.Shields","Saves","Goals.Allowed","GK.SOG.Faced","GperSOG","BC.SOG.Faced","BC.Saves","BC.Goals.Allowed","GperBCSOG","High.Balls.Faced","HB.Won","HB.Lost","HB.Caught","HB.Punched","HB.Parried","HB.Collected","HB.Fouls.Won","Crosses.Faced","Crosses.Won","Crosses.Lost","Corner.Kicks.Faced","CKs.Won","CKs.Lost","Free.Kicks.Faced","FKs.Won","FKs.Lost","Smothers.Won","Smothers.Lost","GK.Overall.Pass.Comp","GK.Overall.Pass.Att","GK.Overall.Pass.Comp.Pct","GK.Throw.Comp","GK.Throw.Att","GK.Throw.Comp.Pct","GK.Drop.Kick.Comp","GK.Drop.Kick.Att","GK.Drop.Kick.Comp.Pct","GKFK.Comp","GKFK.Att","GKFK.Comp.Pct"
"Andrade","WNYF",12,0,0,0,0,NA,0,0,0,0,0,NA,0,0,0,0,0,0,0,0,0,0,0,0,0,0,0,NA,0,0,0,0,0,1,2,0.5,1,2,0.5,1,2,0.5,1,0.5,0,0.5,0,1,0,0,0,NA,1,1,1,NA,NA,NA,0,0,NA,0,0,NA,0,0,NA,NA,NA,NA,0,0,NA,0,0,NA,0,0,NA,0,0,0,0,0,0,0,0,0,0.5,0,0.5,0,1,0,0,0,NA,1,1,1,1,1,2,0.5,0.5,0,0.5,0,1,0,0,0,NA,1,1,1,0,0,0,0,NA,0,0,0,0,0,0,NA,0,0,0,0,0,NA,0,0,0,0,NA,0,0,NA,0,0,0,0,NA,0,0,0,0,0,0,0,0,NA,2,1,3,0,0,0,NA,0,0,0,1,0,0,0,0,0,0,0,0,0,0,0,0,0,NA,0,0,0,NA,0,0,0,0,0,0,0,0,0,0,0,0,0,0,0,0,0,0,0,0,0,NA,0,0,NA,0,0,NA,0,0,NA
"Andressa","HOU",95,1,0,4,3.78947368421053,0.25,1,0,3,0,2,0.5,0,0,1,2,0,0,0,0,0,0,0,0,0,0,0,NA,0,0,0,0,0,42,62,0.67741935483871,39,53,0.735849056603774,18,24,0.75,0.452830188679245,0.516129032258065,0.258064516129032,0.225806451612903,20,32,0.625,9,16,0.5625,13,14,0.928571428571429,NA,NA,NA,0,0,NA,0,0,NA,0,0,NA,NA,NA,NA,0,0,NA,0,0,NA,0,0,NA,0,0,0,0,0,0,0,0,0,0.547169811320755,0.188679245283019,0.264150943396226,20,29,0.689655172413793,6,10,0.6,13,14,0.928571428571429,0.387096774193548,18,24,0.75,0.625,0.166666666666667,0.208333333333333,11,15,0.733333333333333,2,4,0.5,5,5,1,0,3,2.84210526315789,0.0566037735849057,0,3,0,1,2,1.89473684210526,0.032258064516129,0.5,0,2,1.89473684210526,0.032258064516129,0.0377358490566038,0,0,0,0,0,NA,2,5,0.4,0,0,1,4,0.25,0,0,1,0,5,7,7,0,1,1,1,2,4,1,3,0.25,3,1,0,18,4,15,12,3,1,0.947368421052632,0,1,0,0,0,0,0,NA,0,0,0,NA,0,0,0,0,0,0,0,0,0,0,0,0,0,0,0,0,0,0,0,0,0,NA,0,0,NA,0,0,NA,0,0,NA
"Ayinde","WNYF",45,1,0,1,2,0,0,0,1,0,0,0,0,1,0,0,0,0,0,0,0,0,0,0,1,2,0,0,0,1,0,0,0,6,10,0.6,6,10,0.6,4,6,0.666666666666667,0.6,0.5,0.2,0.3,2,5,0.4,2,2,1,2,3,0.666666666666667,NA,NA,NA,0,0,NA,0,0,NA,0,0,NA,NA,NA,NA,0,0,NA,0,0,NA,0,0,NA,0,0,0,0,0,0,0,0,0,0.5,0.2,0.3,2,5,0.4,2,2,1,2,3,0.666666666666667,0.6,4,6,0.666666666666667,0.5,0.333333333333333,0.166666666666667,1,3,0.333333333333333,2,2,1,1,1,1,0,0,0,0,NA,0,0,0,0,0,0,NA,0,0,0,0,0,NA,0,0,0,0,NA,0,0,NA,0,0,0,0,NA,0,0,0,0,0,0,0,0,NA,0,4,4,0,0,0,NA,0,0,2,18,4,3,2,1,0,0,0,3,0,0,0,0,0,NA,0,0,0,NA,0,0,0,0,0,0,0,0,0,0,0,0,0,0,0,0,0,0,0,0,0,NA,0,0,NA,0,0,NA,0,0,NA
"Beckie","HOU",31,0,0,0,0,NA,0,0,0,0,0,NA,0,0,0,0,0,0,0,0,0,0,0,0,0,0,0,NA,0,0,0,0,0,8,14,0.571428571428571,7,13,0.538461538461538,5,6,0.833333333333333,0.461538461538462,0.428571428571429,0.285714285714286,0.285714285714286,4,6,0.666666666666667,1,4,0.25,3,4,0.75,NA,NA,NA,0,0,NA,0,0,NA,0,0,NA,NA,NA,NA,0,0,NA,0,0,NA,0,0,NA,0,0,0,0,0,0,0,0,0,0.461538461538462,0.307692307692308,0.230769230769231,4,6,0.666666666666667,1,4,0.25,2,3,0.666666666666667,0.428571428571429,5,6,0.833333333333333,0.666666666666667,0,0.333333333333333,3,4,0.75,0,0,NA,2,2,1,0,1,2.90322580645161,0.0769230769230769,0,1,0,0,0,0,0,NA,0,0,0,0,0,NA,1,1,2.90322580645161,0.0714285714285714,1,0,0,NA,0,0,0,0,NA,0,0,0,0,0,0,0,0,NA,0,1,1,2,1,1,0.5,0,0,1,8,0,1,1,0,0,0,0,1,0,0,0,0,0,NA,0,0,0,NA,0,0,0,0,0,0,0,0,0,0,0,0,0,0,0,0,0,0,0,0,0,NA,0,0,NA,0,0,NA,0,0,NA
"Brush","HOU",95,1,0,1,0.947368421052632,1,1,0,0,0,0,0,1,0,0,0,0,0,0,0,0,0,0,0,0,0,0,NA,0,0,0,0,0,55,63,0.873015873015873,53,61,0.868852459016393,10,12,0.833333333333333,0.19672131147541,0.571428571428571,0.26984126984127,0.158730158730159,29,36,0.805555555555556,16,17,0.941176470588235,10,10,1,NA,NA,NA,0,0,NA,0,0,NA,0,0,NA,NA,NA,NA,0,0,NA,0,0,NA,0,0,NA,0,0,0,0,0,0,0,0,0,0.590163934426229,0.262295081967213,0.147540983606557,29,36,0.805555555555556,15,16,0.9375,9,9,1,0.19047619047619,10,12,0.833333333333333,0.666666666666667,0.166666666666667,0.166666666666667,7,8,0.875,1,2,0.5,2,2,1,0,0,0,0,NA,0,0,1,4,3.78947368421053,0.0634920634920635,0.25,0,0,0,0,0,NA,0,0,0,0,NA,0,0,NA,0,0,2,2,1,0,0,0,0,2,1,1,0,1,0,0,0,5,3,2,0.6,2,1,0,11,3,9,8,1,3,2.84210526315789,0,2,5,0,0,0,0,NA,0,0,0,NA,0,0,0,0,0,0,0,0,0,0,0,0,0,0,0,0,0,0,0,0,0,NA,0,0,NA,0,0,NA,0,0,NA
"Brynjarsdottir","PTFC",99,1,1,1,0.909090909090909,1,0,0,0,0,0,0,0,0,0,0,0,0,0,1,0,0,0,0.909090909090909,1,0.909090909090909,1,1,0,0,0,0,0,21,29,0.724137931034483,20,28,0.714285714285714,11,14,0.785714285714286,0.5,0.517241379310345,0.275862068965517,0.206896551724138,8,15,0.533333333333333,7,8,0.875,6,6,1,NA,NA,NA,0,0,NA,0,0,NA,0,0,NA,NA,NA,NA,0,0,NA,0,0,NA,0,0,NA,0,0,0,0,0,0,0,0,0,0.5,0.285714285714286,0.214285714285714,7,14,0.5,7,8,0.875,6,6,1,0.482758620689655,11,14,0.785714285714286,0.428571428571429,0.357142857142857,0.214285714285714,3,6,0.5,5,5,1,3,3,1,1,1,0.909090909090909,0.0357142857142857,1,1,0,0,0,0,0,NA,0,0,0,0,0,NA,1,1,0.909090909090909,0.0344827586206897,1,0,0,NA,0,0,0,0,NA,0,0,0,0,0,0,0,0,NA,2,0,2,16,8,8,0.5,3,3,2,30,5,8,3,5,0,0,0,5,2,0,0,0,0,NA,0,0,0,NA,0,0,0,0,0,0,0,0,0,0,0,0,0,0,0,0,0,0,0,0,0,NA,0,0,NA,0,0,NA,0,0,NA
"C. Williams","WAS",77,1,0,0,0,NA,0,0,0,0,0,NA,0,0,0,0,0,0,0,0,0,0,0,0,0,0,0,NA,0,0,0,0,0,12,20,0.6,12,20,0.6,9,14,0.642857142857143,0.7,0.5,0.1,0.4,3,10,0.3,2,2,1,7,8,0.875,NA,NA,NA,0,0,NA,0,0,NA,0,0,NA,NA,NA,NA,0,0,NA,0,0,NA,0,0,NA,0,0,0,0,0,0,0,0,0,0.5,0.1,0.4,3,10,0.3,2,2,1,7,8,0.875,0.7,9,14,0.642857142857143,0.5,0.142857142857143,0.357142857142857,3,7,0.428571428571429,2,2,1,4,5,0.8,0,0,0,0,NA,0,0,0,0,0,0,NA,0,3,3.50649350649351,0.15,0.15,0,0,0,0,0,NA,0,0,NA,0,0,0,0,NA,0,0,0,0,0,3,3,0,1,3,1,4,11,4,7,0.363636363636364,3,0,0,18,0,6,5,1,2,2.33766233766234,0,1,0,0,0,0,0,NA,0,0,0,NA,0,0,0,0,0,0,0,0,0,0,0,0,0,0,0,0,0,0,0,0,0,NA,0,0,NA,0,0,NA,0,0,NA
"Chapman","HOU",95,1,0,0,0,NA,0,0,0,0,0,NA,0,0,0,0,0,0,0,0,0,0,0,0,0,0,0,NA,0,0,0,0,0,45,54,0.833333333333333,36,45,0.8,8,10,0.8,0.222222222222222,0.407407407407407,0.222222222222222,0.37037037037037,17,22,0.772727272727273,9,12,0.75,19,20,0.95,NA,NA,NA,0,0,NA,0,0,NA,0,0,NA,NA,NA,NA,0,0,NA,0,0,NA,0,0,NA,0,0,0,0,0,0,0,0,0,0.422222222222222,0.222222222222222,0.355555555555556,14,19,0.736842105263158,7,10,0.7,15,16,0.9375,0.185185185185185,8,10,0.8,0.6,0.2,0.2,6,6,1,1,2,0.5,1,2,0.5,0,3,2.84210526315789,0.0666666666666667,0,3,0,0,1,0.947368421052632,0.0185185185185185,0,1,1,0.947368421052632,0.0185185185185185,0.0222222222222222,1,8,8,7.57894736842105,0.148148148148148,1,0,0,NA,0,0,1,1,1,0,0,0,0,1,0,0,0,NA,0,4,4,2,0,2,0,0,1,0,10,3,6,4,2,2,1.89473684210526,0,3,2,1,0,0,0,NA,0,0,0,NA,0,0,0,0,0,0,0,0,0,0,0,0,0,0,0,0,0,0,0,0,0,NA,0,0,NA,0,0,NA,0,0,NA
"Church","WAS",11,0,0,0,0,NA,0,0,0,0,0,NA,0,0,0,0,0,0,0,0,0,0,0,0,0,0,0,NA,0,0,0,0,0,2,2,1,2,2,1,2,2,1,1,1,0,0,2,2,1,0,0,NA,0,0,NA,NA,NA,NA,0,0,NA,0,0,NA,0,0,NA,NA,NA,NA,0,0,NA,0,0,NA,0,0,NA,0,0,0,0,0,0,0,0,0,1,0,0,2,2,1,0,0,NA,0,0,NA,1,2,2,1,1,0,0,2,2,1,0,0,NA,0,0,NA,0,0,0,0,NA,0,0,0,0,0,0,NA,0,0,0,0,0,NA,0,0,0,0,NA,0,0,NA,0,0,0,0,NA,0,0,0,0,0,0,0,0,NA,0,1,1,0,0,0,NA,0,0,0,3,0,1,1,0,0,0,0,1,2,0,0,0,0,NA,0,0,0,NA,0,0,0,0,0,0,0,0,0,0,0,0,0,0,0,0,0,0,0,0,0,NA,0,0,NA,0,0,NA,0,0,NA
"Conheeney","SBFC",38,0,0,0,0,NA,0,0,0,0,0,NA,0,0,0,0,0,0,0,0,0,0,0,0,0,0,0,NA,0,0,0,0,0,12,18,0.666666666666667,12,18,0.666666666666667,8,11,0.727272727272727,0.611111111111111,0.611111111111111,0.111111111111111,0.277777777777778,5,11,0.454545454545455,2,2,1,5,5,1,NA,NA,NA,0,0,NA,0,0,NA,0,0,NA,NA,NA,NA,0,0,NA,0,0,NA,0,0,NA,0,0,0,0,0,0,0,0,0,0.611111111111111,0.111111111111111,0.277777777777778,5,11,0.454545454545455,2,2,1,5,5,1,0.611111111111111,8,11,0.727272727272727,0.636363636363636,0.181818181818182,0.181818181818182,4,7,0.571428571428571,2,2,1,2,2,1,0,0,0,0,NA,0,0,0,2,4.73684210526316,0.111111111111111,0,0,0,0,0,0,NA,0,0,0,0,NA,0,0,NA,0,0,0,0,NA,0,0,0,0,0,1,0,1,0,2,4,7,4,2,2,0.5,0,1,1,8,4,6,4,2,0,0,0,0,0,0,0,0,0,NA,0,0,0,NA,0,0,0,0,0,0,0,0,0,0,0,0,0,0,0,0,0,0,0,0,0,NA,0,0,NA,0,0,NA,0,0,NA
"D'Angelo","WNYF",94,1,0,0,0,NA,0,0,0,0,0,NA,0,0,0,0,0,0,0,0,0,0,0,0,0,0,0,NA,0,0,0,0,0,22,31,0.709677419354839,19,28,0.678571428571429,2,5,0.4,0.178571428571429,0.935483870967742,0.0645161290322581,0,20,29,0.689655172413793,2,2,1,0,0,NA,NA,NA,NA,0,0,NA,0,0,NA,0,0,NA,NA,NA,NA,0,0,NA,0,0,NA,0,0,NA,0,0,0,0,0,0,0,0,0,0.928571428571429,0.0714285714285714,0,17,26,0.653846153846154,2,2,1,0,0,NA,0.161290322580645,2,5,0.4,1,0,0,2,5,0.4,0,0,NA,0,0,NA,0,0,0,0,NA,0,0,0,3,2.87234042553191,0.0967741935483871,0,0,0,0,0,0,NA,0,0,0,0,NA,0,0,NA,0,0,1,1,1,0,0,0,0,1,0,0,0,NA,0,0,0,0,0,0,NA,0,0,0,0,0,0,0,0,0,0,0,0,1,0,0,3,4,0.75,3,0,3,1,0,0,0,0,0,0,0,0,0,0,0,0,0,0,0,0,0,0,0,22,31,0.709677419354839,2,2,1,0,0,NA,6,6,1
"Dahlkemper","WNYF",94,1,0,1,0.957446808510638,1,1,0,0,0,0,0,0,0,0,0,0,0,0,0,0,0,0,0,0,0,0,NA,0,0,0,0,0,39,51,0.764705882352941,35,43,0.813953488372093,11,14,0.785714285714286,0.325581395348837,0.509803921568627,0.294117647058824,0.196078431372549,17,26,0.653846153846154,12,15,0.8,10,10,1,NA,NA,NA,0,0,NA,0,0,NA,0,0,NA,NA,NA,NA,0,0,NA,0,0,NA,0,0,NA,0,0,0,0,0,0,0,0,0,0.581395348837209,0.186046511627907,0.232558139534884,17,25,0.68,8,8,1,10,10,1,0.274509803921569,11,14,0.785714285714286,0.642857142857143,0.0714285714285714,0.285714285714286,6,9,0.666666666666667,1,1,1,4,4,1,2,4,3.82978723404255,0.0930232558139535,0.5,4,0,1,3,2.87234042553191,0.0588235294117647,0.333333333333333,0,0,0,0,0,NA,0,0,0,0,NA,4,7,0.571428571428571,0,0,0,1,0,0,0,1,0,2,0,0,0,NA,0,0,0,1,1,0,1,1,0,1,8,1,12,11,1,3,2.87234042553191,0,1,3,0,0,0,0,NA,0,0,0,NA,0,0,0,0,0,0,0,0,0,0,0,0,0,0,0,0,0,0,0,0,0,NA,0,0,NA,0,0,NA,0,0,NA
"Daly","HOU",95,1,0,5,4.73684210526316,0.6,3,0,2,0,0,0,0,3,0,0,0,0,0,1,0,0,0,0.947368421052632,1,0.947368421052632,0,0,0,1,0,0,0,26,37,0.702702702702703,24,35,0.685714285714286,12,15,0.8,0.428571428571429,0.459459459459459,0.243243243243243,0.297297297297297,7,17,0.411764705882353,9,9,1,10,11,0.909090909090909,NA,NA,NA,0,0,NA,0,0,NA,0,0,NA,NA,NA,NA,0,0,NA,0,0,NA,0,0,NA,0,0,0,0,0,0,0,0,0,0.428571428571429,0.257142857142857,0.314285714285714,5,15,0.333333333333333,9,9,1,10,11,0.909090909090909,0.405405405405405,12,15,0.8,0.333333333333333,0.333333333333333,0.333333333333333,3,5,0.6,5,5,1,4,5,0.8,0,1,0.947368421052632,0.0285714285714286,0,0,1,0,0,0,0,NA,1,3,2.84210526315789,0.0810810810810811,0.0857142857142857,0.333333333333333,2,2,1.89473684210526,0.0540540540540541,1,0,0,NA,0,0,0,0,NA,0,0,0,0,0,7,2,5,0.285714285714286,2,2,9,9,5,4,0.555555555555556,1,1,1,16,5,4,3,1,3,2.84210526315789,0,2,1,0,0,0,0,NA,0,0,0,NA,0,0,0,0,0,0,0,0,0,0,0,0,0,0,0,0,0,0,0,0,0,NA,0,0,NA,0,0,NA,0,0,NA
"Doniak","WNYF",83,1,0,0,0,NA,0,0,0,0,0,NA,0,0,0,0,0,0,0,0,0,0,0,0,0,0,0,NA,0,0,0,0,0,16,22,0.727272727272727,16,22,0.727272727272727,14,18,0.777777777777778,0.818181818181818,0.409090909090909,0.227272727272727,0.363636363636364,4,9,0.444444444444444,4,5,0.8,8,8,1,NA,NA,NA,0,0,NA,0,0,NA,0,0,NA,NA,NA,NA,0,0,NA,0,0,NA,0,0,NA,0,0,0,0,0,0,0,0,0,0.409090909090909,0.227272727272727,0.363636363636364,4,9,0.444444444444444,4,5,0.8,8,8,1,0.818181818181818,14,18,0.777777777777778,0.388888888888889,0.166666666666667,0.444444444444444,4,7,0.571428571428571,2,3,0.666666666666667,8,8,1,0,1,1.08433734939759,0.0454545454545455,0,1,0,0,0,0,0,NA,0,0,0,0,0,NA,0,0,0,0,NA,0,0,NA,0,0,0,0,NA,0,0,0,0,0,1,1,0,1,4,2,6,3,1,2,0.333333333333333,0,1,0,38,2,10,5,5,2,2.16867469879518,0,0,0,0,0,0,0,NA,0,0,0,NA,0,0,0,0,0,0,0,0,0,0,0,0,0,0,0,0,0,0,0,0,0,NA,0,0,NA,0,0,NA,0,0,NA
"Dunn","WAS",94,1,0,2,1.91489361702128,0.5,0,1,1,0,1,0.5,0,1,0,0,0,0,0,1,0,0,0,0.957446808510638,0,0,0,NA,0,0,0,0,0,14,22,0.636363636363636,14,22,0.636363636363636,11,17,0.647058823529412,0.772727272727273,0.454545454545455,0.0909090909090909,0.454545454545455,4,10,0.4,1,2,0.5,9,10,0.9,NA,NA,NA,0,0,NA,0,0,NA,0,0,NA,NA,NA,NA,0,0,NA,0,0,NA,0,0,NA,0,0,0,0,0,0,0,0,0,0.454545454545455,0.0909090909090909,0.454545454545455,4,10,0.4,1,2,0.5,9,10,0.9,0.772727272727273,11,17,0.647058823529412,0.470588235294118,0.0588235294117647,0.470588235294118,4,8,0.5,0,1,0,7,8,0.875,0,0,0,0,NA,0,0,0,0,0,0,NA,3,4,3.82978723404255,0.181818181818182,0.181818181818182,0.75,0,0,0,0,NA,0,0,NA,0,0,0,0,NA,0,0,0,0,0,7,5,2,0.714285714285714,4,5,11,2,2,0,1,2,1,3,53,3,5,4,1,1,0.957446808510638,0,1,1,0,0,0,0,NA,0,0,0,NA,0,0,0,0,0,0,0,0,0,0,0,0,0,0,0,0,0,0,0,0,0,NA,0,0,NA,0,0,NA,0,0,NA
"Eddy","WNYF",94,1,0,1,0.957446808510638,0,0,0,1,0,0,0,0,0,0,1,0,0,0,0,0,0,0,0,0,0,0,NA,0,0,0,0,0,43,57,0.754385964912281,24,34,0.705882352941177,16,23,0.695652173913043,0.676470588235294,0.543859649122807,0.228070175438596,0.228070175438596,19,31,0.612903225806452,11,13,0.846153846153846,13,13,1,NA,NA,NA,0,0,NA,0,0,NA,0,0,NA,NA,NA,NA,0,0,NA,0,0,NA,0,0,NA,0,0,0,0,0,0,0,0,0,0.558823529411765,0.176470588235294,0.264705882352941,11,19,0.578947368421053,4,6,0.666666666666667,9,9,1,0.403508771929825,16,23,0.695652173913043,0.565217391304348,0.0869565217391304,0.347826086956522,7,13,0.538461538461538,1,2,0.5,8,8,1,5,6,5.74468085106383,0.176470588235294,0.833333333333333,6,0,0,1,0.957446808510638,0.0175438596491228,0,0,1,0.957446808510638,0.0175438596491228,0.0294117647058824,0,18,22,21.063829787234,0.385964912280702,0.818181818181818,1,1,1,0,0,0,0,NA,0,0,0,0,0,0,0,0,NA,0,3,3,2,2,0,1,1,3,1,20,2,12,9,3,5,4.78723404255319,0,5,1,1,0,0,0,NA,0,0,0,NA,0,0,0,0,0,0,0,0,0,0,0,0,0,0,0,0,0,0,0,0,0,NA,0,0,NA,0,0,NA,0,0,NA
"Engen","BOS",99,1,0,0,0,NA,0,0,0,0,0,NA,0,0,0,0,0,0,0,0,0,0,0,0,0,0,0,NA,0,0,0,0,0,18,28,0.642857142857143,16,23,0.695652173913043,10,12,0.833333333333333,0.521739130434783,0.75,0.214285714285714,0.0357142857142857,12,21,0.571428571428571,5,6,0.833333333333333,1,1,1,NA,NA,NA,0,0,NA,0,0,NA,0,0,NA,NA,NA,NA,0,0,NA,0,0,NA,0,0,NA,0,0,0,0,0,0,0,0,0,0.695652173913043,0.260869565217391,0.0434782608695652,10,16,0.625,5,6,0.833333333333333,1,1,1,0.428571428571429,10,12,0.833333333333333,0.583333333333333,0.333333333333333,0.0833333333333333,5,7,0.714285714285714,4,4,1,1,1,1,0,0,0,0,NA,0,0,0,3,2.72727272727273,0.107142857142857,0,0,0,0,0,0,NA,0,0,0,0,NA,0,0,NA,0,0,2,5,0.4,0,0,0,0,5,1,0,1,0,0,0,1,1,1,0,1,0,0,0,12,2,9,5,4,2,1.81818181818182,0,7,7,0,0,0,0,NA,0,0,0,NA,0,0,0,0,0,0,0,0,0,0,0,0,0,0,0,0,0,0,0,0,0,NA,0,0,NA,0,0,NA,0,0,NA
"Erceg","WNYF",94,1,0,1,0.957446808510638,0,0,0,1,0,1,1,0,0,0,0,0,0,0,0,0,0,0,0,1,0.957446808510638,0,0,0,1,0,0,0,21,26,0.807692307692308,20,25,0.8,12,14,0.857142857142857,0.56,0.576923076923077,0.0769230769230769,0.346153846153846,10,15,0.666666666666667,2,2,1,9,9,1,NA,NA,NA,0,0,NA,0,0,NA,0,0,NA,NA,NA,NA,0,0,NA,0,0,NA,0,0,NA,0,0,0,0,0,0,0,0,0,0.6,0.04,0.36,10,15,0.666666666666667,1,1,1,9,9,1,0.538461538461538,12,14,0.857142857142857,0.571428571428571,0,0.428571428571429,6,8,0.75,0,0,NA,6,6,1,0,0,0,0,NA,0,0,1,3,2.87234042553191,0.115384615384615,0.333333333333333,2,3,2.87234042553191,0.115384615384615,0.12,0.666666666666667,1,1,0.957446808510638,0.0384615384615385,1,0,0,NA,0,0,0,0,NA,0,0,0,0,0,0,0,0,NA,1,0,1,2,1,1,0.5,0,1,2,11,1,6,4,2,2,1.91489361702128,0,5,7,0,0,0,0,NA,0,0,0,NA,0,0,0,0,0,0,0,0,0,0,0,0,0,0,0,0,0,0,0,0,0,NA,0,0,NA,0,0,NA,0,0,NA
"Farquharson","WAS",18,0,0,0,0,NA,0,0,0,0,0,NA,0,0,0,0,0,0,0,0,0,0,0,0,0,0,0,NA,0,0,0,0,0,4,4,1,4,4,1,4,4,1,1,0.5,0.25,0.25,2,2,1,1,1,1,1,1,1,NA,NA,NA,0,0,NA,0,0,NA,0,0,NA,NA,NA,NA,0,0,NA,0,0,NA,0,0,NA,0,0,0,0,0,0,0,0,0,0.5,0.25,0.25,2,2,1,1,1,1,1,1,1,1,4,4,1,0.5,0.25,0.25,2,2,1,1,1,1,1,1,1,0,0,0,0,NA,0,0,0,0,0,0,NA,0,0,0,0,0,NA,0,0,0,0,NA,0,0,NA,0,0,0,0,NA,0,0,0,0,0,0,0,0,NA,0,1,1,0,0,0,NA,0,0,1,9,0,1,1,0,0,0,0,0,0,0,0,0,0,NA,0,0,0,NA,0,0,0,0,0,0,0,0,0,0,0,0,0,0,0,0,0,0,0,0,0,NA,0,0,NA,0,0,NA,0,0,NA
"Franch","PTFC",99,1,0,0,0,NA,0,0,0,0,0,NA,0,0,0,0,0,0,0,0,0,0,0,0,0,0,0,NA,0,0,0,0,0,23,39,0.58974358974359,15,29,0.517241379310345,4,5,0.8,0.172413793103448,0.923076923076923,0.0769230769230769,0,20,36,0.555555555555556,3,3,1,0,0,NA,NA,NA,NA,0,0,NA,0,0,NA,0,0,NA,NA,NA,NA,0,0,NA,0,0,NA,0,0,NA,0,0,0,0,0,0,0,0,0,0.896551724137931,0.103448275862069,0,12,26,0.461538461538462,3,3,1,0,0,NA,0.128205128205128,4,5,0.8,0.8,0.2,0,3,4,0.75,1,1,1,0,0,NA,0,0,0,0,NA,0,0,9,16,14.5454545454545,0.41025641025641,0.5625,0,0,0,0,0,NA,0,0,0,0,NA,0,0,NA,0,0,2,4,0.5,0,0,0,0,4,0,0,0,NA,0,0,0,0,0,0,NA,0,0,0,0,0,1,1,0,1,0.909090909090909,0,0,0,0,4,0,4,0,0,0,0,NA,4,4,0,3,0,0,0,0,1,1,0,0,0,0,1,1,0,0,0,23,39,0.58974358974359,4,4,1,2,2,1,3,15,0.2
"Hamilton","WNYF",18,0,0,1,5,1,1,0,0,0,0,0,0,0,0,0,0,0,0,0,0,0,0,0,0,0,0,NA,0,0,0,0,0,9,9,1,9,9,1,8,8,1,0.888888888888889,0.777777777777778,0.111111111111111,0.111111111111111,7,7,1,1,1,1,1,1,1,NA,NA,NA,0,0,NA,0,0,NA,0,0,NA,NA,NA,NA,0,0,NA,0,0,NA,0,0,NA,0,0,0,0,0,0,0,0,0,0.777777777777778,0.111111111111111,0.111111111111111,7,7,1,1,1,1,1,1,1,0.888888888888889,8,8,1,0.75,0.125,0.125,6,6,1,1,1,1,1,1,1,0,0,0,0,NA,0,0,0,0,0,0,NA,0,0,0,0,0,NA,0,0,0,0,NA,0,0,NA,0,0,0,0,NA,0,0,0,0,0,0,0,0,NA,0,0,0,0,0,0,NA,0,1,0,3,0,5,1,4,0,0,0,0,0,0,0,0,0,NA,0,0,0,NA,0,0,0,0,0,0,0,0,0,0,0,0,0,0,0,0,0,0,0,0,0,NA,0,0,NA,0,0,NA,0,0,NA
"Hayes","SBFC",76,1,0,0,0,NA,0,0,0,0,0,NA,0,0,0,0,0,0,0,0,0,0,0,0,0,0,0,NA,0,0,0,0,0,20,24,0.833333333333333,19,23,0.826086956521739,8,12,0.666666666666667,0.521739130434783,0.25,0.375,0.375,3,6,0.5,9,9,1,8,9,0.888888888888889,NA,NA,NA,0,0,NA,0,0,NA,0,0,NA,NA,NA,NA,0,0,NA,0,0,NA,0,0,NA,0,0,0,0,0,0,0,0,0,0.260869565217391,0.391304347826087,0.347826086956522,3,6,0.5,9,9,1,7,8,0.875,0.5,8,12,0.666666666666667,0.25,0.333333333333333,0.416666666666667,0,3,0,4,4,1,4,5,0.8,0,0,0,0,NA,0,0,0,1,1.18421052631579,0.0416666666666667,0,0,0,0,0,0,NA,1,1,1.18421052631579,0.0416666666666667,1,0,0,NA,0,0,0,0,NA,0,0,0,0,0,0,0,0,NA,1,1,2,2,2,0,1,1,1,1,21,3,6,5,1,0,0,0,1,1,0,0,0,0,NA,0,0,0,NA,0,0,0,0,0,0,0,0,0,0,0,0,0,0,0,0,0,0,0,0,0,NA,0,0,NA,0,0,NA,0,0,NA
"Heap","HOU",46,1,0,1,1.95652173913043,0,0,0,1,0,1,1,0,0,0,0,0,0,0,0,0,0,0,0,0,0,0,NA,0,0,0,0,0,10,18,0.555555555555556,10,18,0.555555555555556,5,6,0.833333333333333,0.333333333333333,0.5,0.166666666666667,0.333333333333333,2,9,0.222222222222222,2,3,0.666666666666667,6,6,1,NA,NA,NA,0,0,NA,0,0,NA,0,0,NA,NA,NA,NA,0,0,NA,0,0,NA,0,0,NA,0,0,0,0,0,0,0,0,0,0.5,0.166666666666667,0.333333333333333,2,9,0.222222222222222,2,3,0.666666666666667,6,6,1,0.333333333333333,5,6,0.833333333333333,0.5,0,0.5,2,3,0.666666666666667,0,0,NA,3,3,1,0,1,1.95652173913043,0.0555555555555556,0,1,0,1,1,1.95652173913043,0.0555555555555556,1,0,3,5.8695652173913,0.166666666666667,0.166666666666667,0,0,0,0,0,NA,0,0,NA,0,0,0,0,NA,0,0,0,0,0,1,1,0,1,0,1,1,2,1,1,0.5,0,0,2,16,3,6,3,3,0,0,0,1,0,0,0,0,0,NA,0,0,0,NA,0,0,0,0,0,0,0,0,0,0,0,0,0,0,0,0,0,0,0,0,0,NA,0,0,NA,0,0,NA,0,0,NA
"Heath","PTFC",97,1,0,4,3.71134020618557,1,4,0,0,0,3,0.75,0,0,0,0,0,0,0,2,0,0,0,1.85567010309278,0,0,0,NA,0,0,0,0,0,31,40,0.775,28,36,0.777777777777778,25,30,0.833333333333333,0.833333333333333,0.4,0.375,0.225,13,16,0.8125,10,15,0.666666666666667,8,9,0.888888888888889,NA,NA,NA,0,0,NA,0,0,NA,0,0,NA,NA,NA,NA,0,0,NA,0,0,NA,0,0,NA,0,0,0,0,0,0,0,0,0,0.388888888888889,0.388888888888889,0.222222222222222,11,14,0.785714285714286,10,14,0.714285714285714,7,8,0.875,0.75,25,30,0.833333333333333,0.366666666666667,0.433333333333333,0.2,9,11,0.818181818181818,10,13,0.769230769230769,6,6,1,2,5,4.63917525773196,0.138888888888889,0.4,4,1,1,1,0.927835051546392,0.025,1,3,5,4.63917525773196,0.125,0.138888888888889,0.6,0,0,0,0,NA,1,2,0.5,0,0,2,2,1,0,1,0,0,2,6,3,3,0.5,6,0,9,1,1,0,1,0,0,1,18,4,7,5,2,1,0.927835051546392,0,3,2,0,0,0,0,NA,0,0,0,NA,0,0,0,0,0,0,0,0,0,0,0,0,0,0,0,0,0,0,0,0,0,NA,0,0,NA,0,0,NA,0,0,NA
"Hinkle","WNYF",94,1,0,3,2.87234042553191,0,0,0,3,0,1,0.333333333333333,0,0,1,0,0,0,0,0,0,0,0,0,1,0.957446808510638,0,0,0,1,0,0,0,23,37,0.621621621621622,12,22,0.545454545454545,9,14,0.642857142857143,0.636363636363636,0.567567567567568,0.297297297297297,0.135135135135135,13,21,0.619047619047619,5,11,0.454545454545455,5,5,1,NA,NA,NA,0,0,NA,0,0,NA,0,0,NA,NA,NA,NA,0,0,NA,0,0,NA,0,0,NA,0,0,0,0,0,0,0,0,0,0.590909090909091,0.227272727272727,0.181818181818182,7,13,0.538461538461538,1,5,0.2,4,4,1,0.378378378378378,9,14,0.642857142857143,0.428571428571429,0.285714285714286,0.285714285714286,4,6,0.666666666666667,1,4,0.25,4,4,1,2,3,2.87234042553191,0.136363636363636,0.666666666666667,3,0,0,2,1.91489361702128,0.0540540540540541,0,0,1,0.957446808510638,0.027027027027027,0.0454545454545455,0,10,12,11.4893617021277,0.324324324324324,0.833333333333333,1,3,0.333333333333333,0,0,0,0,NA,0,0,0,0,0,4,4,0,1,4,3,7,4,1,3,0.25,0,1,0,16,5,15,6,9,2,1.91489361702128,0,0,0,0,0,0,0,NA,0,0,0,NA,0,0,0,0,0,0,0,0,0,0,0,0,0,0,0,0,0,0,0,0,0,NA,0,0,NA,0,0,NA,0,0,NA
"Horan","PTFC",99,1,0,1,0.909090909090909,0,0,0,1,0,0,0,0,0,0,0,0,0,0,0,0,0,0,0,1,0.909090909090909,0,0,0,1,0,0,0,44,49,0.897959183673469,44,49,0.897959183673469,28,29,0.96551724137931,0.591836734693878,0.387755102040816,0.36734693877551,0.244897959183673,14,19,0.736842105263158,18,18,1,12,12,1,NA,NA,NA,0,0,NA,0,0,NA,0,0,NA,NA,NA,NA,0,0,NA,0,0,NA,0,0,NA,0,0,0,0,0,0,0,0,0,0.387755102040816,0.36734693877551,0.244897959183673,14,19,0.736842105263158,18,18,1,12,12,1,0.591836734693878,28,29,0.96551724137931,0.275862068965517,0.482758620689655,0.241379310344828,7,8,0.875,14,14,1,7,7,1,1,1,0.909090909090909,0.0204081632653061,1,1,0,0,0,0,0,NA,1,2,1.81818181818182,0.0408163265306122,0.0408163265306122,0.5,0,0,0,0,NA,0,0,NA,0,0,0,0,NA,0,0,0,0,0,1,1,0,1,4,1,5,14,8,6,0.571428571428571,1,1,1,19,6,13,5,8,1,0.909090909090909,0,2,3,0,0,0,0,NA,0,0,0,NA,0,0,0,0,0,0,0,0,0,0,0,0,0,0,0,0,0,0,0,0,0,NA,0,0,NA,0,0,NA,0,0,NA
"Huster","WAS",94,1,0,0,0,NA,0,0,0,0,0,NA,0,0,0,0,0,0,0,0,0,0,0,0,0,0,0,NA,0,0,0,0,0,21,26,0.807692307692308,21,26,0.807692307692308,12,16,0.75,0.615384615384615,0.846153846153846,0.0384615384615385,0.115384615384615,17,22,0.772727272727273,1,1,1,3,3,1,NA,NA,NA,0,0,NA,0,0,NA,0,0,NA,NA,NA,NA,0,0,NA,0,0,NA,0,0,NA,0,0,0,0,0,0,0,0,0,0.846153846153846,0.0384615384615385,0.115384615384615,17,22,0.772727272727273,1,1,1,3,3,1,0.615384615384615,12,16,0.75,0.8125,0,0.1875,9,13,0.692307692307692,0,0,NA,3,3,1,0,0,0,0,NA,0,0,1,1,0.957446808510638,0.0384615384615385,1,0,0,0,0,0,NA,0,0,0,0,NA,0,0,NA,0,0,0,0,NA,0,0,0,0,0,0,0,0,NA,0,1,1,1,1,0,1,0,0,1,44,1,11,9,2,3,2.87234042553191,0,3,4,0,0,0,0,NA,0,0,0,NA,0,0,0,0,0,0,0,0,0,0,0,0,0,0,0,0,0,0,0,0,0,NA,0,0,NA,0,0,NA,0,0,NA
"Kai","SBFC",95,1,0,0,0,NA,0,0,0,0,0,NA,0,0,0,0,0,0,0,0,0,0,0,0,0,0,0,NA,0,0,0,0,0,13,15,0.866666666666667,13,15,0.866666666666667,9,10,0.9,0.666666666666667,0.2,0.266666666666667,0.533333333333333,3,3,1,3,4,0.75,7,8,0.875,NA,NA,NA,0,0,NA,0,0,NA,0,0,NA,NA,NA,NA,0,0,NA,0,0,NA,0,0,NA,0,0,0,0,0,0,0,0,0,0.2,0.266666666666667,0.533333333333333,3,3,1,3,4,0.75,7,8,0.875,0.666666666666667,9,10,0.9,0.1,0.1,0.8,1,1,1,1,1,1,7,8,0.875,0,0,0,0,NA,0,0,0,0,0,0,NA,0,0,0,0,0,NA,0,0,0,0,NA,0,0,NA,0,0,0,0,NA,0,0,0,0,0,0,0,0,NA,3,5,8,16,9,7,0.5625,0,0,0,24,4,4,3,1,0,0,0,1,0,0,0,0,0,NA,0,0,0,NA,0,0,0,0,0,0,0,0,0,0,0,0,0,0,0,0,0,0,0,0,0,NA,0,0,NA,0,0,NA,0,0,NA
"Kallman","BOS",99,1,0,1,0.909090909090909,0,0,0,1,0,1,1,0,0,0,0,0,0,0,0,0,0,0,0,0,0,0,NA,0,0,0,0,0,19,21,0.904761904761905,16,16,1,6,6,1,0.375,0.476190476190476,0.19047619047619,0.333333333333333,8,10,0.8,4,4,1,7,7,1,NA,NA,NA,0,0,NA,0,0,NA,0,0,NA,NA,NA,NA,0,0,NA,0,0,NA,0,0,NA,0,0,0,0,0,0,0,0,0,0.3125,0.25,0.4375,5,5,1,4,4,1,7,7,1,0.285714285714286,6,6,1,0.166666666666667,0.166666666666667,0.666666666666667,1,1,1,1,1,1,4,4,1,0,0,0,0,NA,0,0,1,3,2.72727272727273,0.142857142857143,0.333333333333333,0,0,0,0,0,NA,1,1,0.909090909090909,0.0476190476190476,1,0,0,NA,0,0,2,4,0.5,0,0,0,0,4,0,0,0,NA,0,0,0,9,3,6,0.333333333333333,0,0,0,13,4,7,5,2,1,0.909090909090909,0,3,8,0,0,0,0,NA,0,0,0,NA,0,0,0,0,0,0,0,0,0,0,0,0,0,0,0,0,0,0,0,0,0,NA,0,0,NA,0,0,NA,0,0,NA
"Kennedy","WNYF",94,1,0,1,0.957446808510638,1,0,1,0,0,0,0,0,0,0,0,0,0,0,0,0,0,0,0,0,0,0,NA,0,0,0,0,0,21,33,0.636363636363636,21,33,0.636363636363636,14,18,0.777777777777778,0.545454545454545,0.787878787878788,0.0909090909090909,0.121212121212121,14,26,0.538461538461538,3,3,1,4,4,1,NA,NA,NA,0,0,NA,0,0,NA,0,0,NA,NA,NA,NA,0,0,NA,0,0,NA,0,0,NA,0,0,0,0,0,0,0,0,0,0.787878787878788,0.0909090909090909,0.121212121212121,14,26,0.538461538461538,3,3,1,4,4,1,0.545454545454545,14,18,0.777777777777778,0.666666666666667,0.111111111111111,0.222222222222222,8,12,0.666666666666667,2,2,1,4,4,1,0,0,0,0,NA,0,0,1,3,2.87234042553191,0.0909090909090909,0.333333333333333,0,3,2.87234042553191,0.0909090909090909,0.0909090909090909,0,0,0,0,0,NA,0,0,NA,0,0,0,0,NA,0,0,0,0,0,1,0,1,0,2,2,5,7,6,1,0.857142857142857,1,2,2,45,2,16,8,8,3,2.87234042553191,0,2,1,0,0,0,0,NA,0,0,0,NA,0,0,0,0,0,0,0,0,0,0,0,0,0,0,0,0,0,0,0,0,0,NA,0,0,NA,0,0,NA,0,0,NA
"Killion","SBFC",95,1,0,0,0,NA,0,0,0,0,0,NA,0,0,0,0,0,0,0,0,0,0,0,0,0,0,0,NA,0,0,0,0,0,43,47,0.914893617021277,41,45,0.911111111111111,20,21,0.952380952380952,0.466666666666667,0.617021276595745,0.106382978723404,0.276595744680851,25,29,0.862068965517241,5,5,1,13,13,1,NA,NA,NA,0,0,NA,0,0,NA,0,0,NA,NA,NA,NA,0,0,NA,0,0,NA,0,0,NA,0,0,0,0,0,0,0,0,0,0.6,0.111111111111111,0.288888888888889,23,27,0.851851851851852,5,5,1,13,13,1,0.446808510638298,20,21,0.952380952380952,0.523809523809524,0.0952380952380952,0.380952380952381,10,11,0.909090909090909,2,2,1,8,8,1,0,0,0,0,NA,0,0,1,2,1.89473684210526,0.0425531914893617,0.5,1,2,1.89473684210526,0.0425531914893617,0.0444444444444444,0.5,0,0,0,0,NA,0,0,NA,0,0,2,2,1,0,0,0,0,2,0,0,0,NA,1,1,2,4,0,4,0,4,0,7,17,8,12,9,3,4,3.78947368421053,0,6,1,0,0,0,0,NA,0,0,0,NA,0,0,0,0,0,0,0,0,0,0,0,0,0,0,0,0,0,0,0,0,0,NA,0,0,NA,0,0,NA,0,0,NA
"King","BOS",99,1,0,1,0.909090909090909,1,1,0,0,0,0,0,0,0,0,0,0,0,0,0,0,0,0,0,0,0,0,NA,0,0,0,0,0,19,27,0.703703703703704,9,17,0.529411764705882,6,12,0.5,0.705882352941177,0.555555555555556,0.296296296296296,0.148148148148148,10,15,0.666666666666667,5,8,0.625,4,4,1,NA,NA,NA,0,0,NA,0,0,NA,0,0,NA,NA,NA,NA,0,0,NA,0,0,NA,0,0,NA,0,0,0,0,0,0,0,0,0,0.470588235294118,0.411764705882353,0.117647058823529,3,8,0.375,4,7,0.571428571428571,2,2,1,0.444444444444444,6,12,0.5,0.5,0.333333333333333,0.166666666666667,2,6,0.333333333333333,2,4,0.5,2,2,1,0,3,2.72727272727273,0.176470588235294,0,3,0,0,0,0,0,NA,0,1,0.909090909090909,0.037037037037037,0.0588235294117647,0,10,10,9.09090909090909,0.37037037037037,1,0,0,NA,0,0,0,0,NA,0,0,0,0,0,0,0,0,NA,1,0,1,2,1,1,0.5,8,1,3,28,3,6,4,2,2,1.81818181818182,0,4,7,0,0,0,0,NA,0,0,0,NA,0,0,0,0,0,0,0,0,0,0,0,0,0,0,0,0,0,0,0,0,0,NA,0,0,NA,0,0,NA,0,0,NA
"Kleiner","WAS",94,1,0,0,0,NA,0,0,0,0,0,NA,0,0,0,0,0,0,0,0,0,0,0,0,0,0,0,NA,0,0,0,0,0,26,34,0.764705882352941,20,26,0.769230769230769,18,22,0.818181818181818,0.846153846153846,0.676470588235294,0.205882352941176,0.117647058823529,16,23,0.695652173913043,6,7,0.857142857142857,4,4,1,NA,NA,NA,0,0,NA,0,0,NA,0,0,NA,NA,NA,NA,0,0,NA,0,0,NA,0,0,NA,0,0,0,0,0,0,0,0,0,0.615384615384615,0.230769230769231,0.153846153846154,11,16,0.6875,5,6,0.833333333333333,4,4,1,0.647058823529412,18,22,0.818181818181818,0.590909090909091,0.227272727272727,0.181818181818182,10,13,0.769230769230769,4,5,0.8,4,4,1,1,2,1.91489361702128,0.0769230769230769,0.5,2,0,0,0,0,0,NA,1,1,0.957446808510638,0.0294117647058824,0.0384615384615385,1,6,8,7.65957446808511,0.235294117647059,0.75,0,0,NA,0,0,0,0,NA,0,0,0,0,0,1,1,0,1,1,1,2,2,1,1,0.5,2,3,2,32,2,6,5,1,6,5.74468085106383,0,3,7,1,0,0,0,NA,0,0,0,NA,0,0,0,0,0,0,0,0,0,0,0,0,0,0,0,0,0,0,0,0,0,NA,0,0,NA,0,0,NA,0,0,NA
"Klingenberg","PTFC",99,1,0,1,0.909090909090909,1,1,0,0,0,1,1,0,0,0,0,0,0,0,1,0,0,0,0.909090909090909,0,0,0,NA,0,0,0,0,0,48,61,0.786885245901639,37,49,0.755102040816326,24,30,0.8,0.612244897959184,0.442622950819672,0.426229508196721,0.131147540983607,19,27,0.703703703703704,21,26,0.807692307692308,8,8,1,NA,NA,NA,0,0,NA,0,0,NA,0,0,NA,NA,NA,NA,0,0,NA,0,0,NA,0,0,NA,0,0,0,0,0,0,0,0,0,0.489795918367347,0.408163265306122,0.102040816326531,16,24,0.666666666666667,16,20,0.8,5,5,1,0.491803278688525,24,30,0.8,0.466666666666667,0.433333333333333,0.1,9,14,0.642857142857143,12,13,0.923076923076923,3,3,1,1,6,5.45454545454546,0.122448979591837,0.166666666666667,4,2,1,1,0.909090909090909,0.0163934426229508,1,1,4,3.63636363636364,0.0655737704918033,0.0816326530612245,0.25,11,12,10.9090909090909,0.19672131147541,0.916666666666667,0,0,NA,0,0,0,0,NA,0,0,0,0,0,3,1,2,0.333333333333333,1,2,5,1,1,0,1,0,0,1,6,5,15,8,7,3,2.72727272727273,0,2,1,2,0,0,0,NA,0,0,0,NA,0,0,0,0,0,0,0,0,0,0,0,0,0,0,0,0,0,0,0,0,0,NA,0,0,NA,0,0,NA,0,0,NA
"Krieger","WAS",94,1,0,2,1.91489361702128,0,0,0,2,0,1,0.5,0,0,0,0,1,0,0,0,0,0,0,0,0,0,0,NA,0,0,0,0,0,39,53,0.735849056603774,31,41,0.75609756097561,20,26,0.769230769230769,0.634146341463415,0.660377358490566,0.0943396226415094,0.245283018867925,22,35,0.628571428571429,4,5,0.8,13,13,1,NA,NA,NA,0,0,NA,0,0,NA,0,0,NA,NA,NA,NA,0,0,NA,0,0,NA,0,0,NA,0,0,0,0,0,0,0,0,0,0.609756097560976,0.0731707317073171,0.317073170731707,16,25,0.64,2,3,0.666666666666667,13,13,1,0.490566037735849,20,26,0.769230769230769,0.538461538461538,0.0384615384615385,0.423076923076923,9,14,0.642857142857143,0,1,0,11,11,1,0,0,0,0,NA,0,0,1,4,3.82978723404255,0.0754716981132075,0.25,1,1,0.957446808510638,0.0188679245283019,0.024390243902439,1,8,11,10.531914893617,0.207547169811321,0.727272727272727,0,0,NA,0,0,0,1,0,0,0,0,0,1,2,2,0,1,0,1,1,2,2,0,1,1,2,1,15,3,8,7,1,5,4.78723404255319,0,3,4,0,0,0,0,NA,0,0,0,NA,0,0,0,0,0,0,0,0,0,0,0,0,0,0,0,0,0,0,0,0,0,NA,0,0,NA,0,0,NA,0,0,NA
"L. Williams","WNYF",94,1,0,5,4.78723404255319,0.4,1,1,3,0,3,0.6,0,0,0,0,0,0,0,0,0,0,0,0,1,0.957446808510638,0,0,1,0,0,0,0,23,26,0.884615384615385,22,25,0.88,16,18,0.888888888888889,0.72,0.346153846153846,0.269230769230769,0.384615384615385,8,9,0.888888888888889,7,7,1,8,10,0.8,NA,NA,NA,0,0,NA,0,0,NA,0,0,NA,NA,NA,NA,0,0,NA,0,0,NA,0,0,NA,0,0,0,0,0,0,0,0,0,0.32,0.28,0.4,7,8,0.875,7,7,1,8,10,0.8,0.692307692307692,16,18,0.888888888888889,0.222222222222222,0.277777777777778,0.5,4,4,1,5,5,1,7,9,0.777777777777778,1,1,0.957446808510638,0.04,1,1,0,0,0,0,0,NA,0,0,0,0,0,NA,1,1,0.957446808510638,0.0384615384615385,1,0,0,NA,0,0,0,0,NA,0,0,0,0,0,1,0,1,0,0,3,4,0,0,0,NA,1,2,1,33,3,10,4,6,1,0.957446808510638,0,1,0,0,0,0,0,NA,0,0,0,NA,0,0,0,0,0,0,0,0,0,0,0,0,0,0,0,0,0,0,0,0,0,NA,0,0,NA,0,0,NA,0,0,NA
"Labbe","WAS",94,1,0,0,0,NA,0,0,0,0,0,NA,0,0,0,0,0,0,0,0,0,0,0,0,0,0,0,NA,0,0,0,0,0,15,46,0.326086956521739,12,39,0.307692307692308,3,9,0.333333333333333,0.230769230769231,1,0,0,15,46,0.326086956521739,0,0,NA,0,0,NA,NA,NA,NA,0,0,NA,0,0,NA,0,0,NA,NA,NA,NA,0,0,NA,0,0,NA,0,0,NA,0,0,0,0,0,0,0,0,0,1,0,0,12,39,0.307692307692308,0,0,NA,0,0,NA,0.217391304347826,4,10,0.4,1,0,0,4,10,0.4,0,0,NA,0,0,NA,0,0,0,0,NA,0,0,5,19,18.1914893617021,0.41304347826087,0.263157894736842,0,0,0,0,0,NA,0,0,0,0,NA,0,0,NA,0,0,0,3,0,0,0,0,0,3,0,0,0,NA,0,0,0,0,0,0,NA,0,0,0,0,0,0,0,0,0,0,0,0,0,0,6,0,8,0,2,2,0,0,2,1,1,0,1,0,0,0,1,0,1,1,1,0,0,0,0,0,0,15,46,0.326086956521739,2,2,1,1,2,0.5,2,21,0.0952380952380952
"Leon","WNYF",49,0,0,1,1.83673469387755,0,0,0,1,0,1,1,0,0,0,0,0,0,0,0,0,0,0,0,0,0,0,NA,0,0,0,0,0,11,14,0.785714285714286,11,14,0.785714285714286,11,14,0.785714285714286,1,0.785714285714286,0,0.214285714285714,8,11,0.727272727272727,0,0,NA,3,3,1,NA,NA,NA,0,0,NA,0,0,NA,0,0,NA,NA,NA,NA,0,0,NA,0,0,NA,0,0,NA,0,0,0,0,0,0,0,0,0,0.785714285714286,0,0.214285714285714,8,11,0.727272727272727,0,0,NA,3,3,1,1,11,14,0.785714285714286,0.785714285714286,0,0.214285714285714,8,11,0.727272727272727,0,0,NA,3,3,1,1,1,1.83673469387755,0.0714285714285714,1,1,0,0,0,0,0,NA,0,0,0,0,0,NA,0,0,0,0,NA,0,0,NA,0,0,0,0,NA,0,0,0,0,0,0,0,0,NA,3,0,3,1,0,1,0,0,0,0,22,0,8,4,4,0,0,0,0,0,0,0,0,0,NA,0,0,0,NA,0,0,0,0,0,0,0,0,0,0,0,0,0,0,0,0,0,0,0,0,0,NA,0,0,NA,0,0,NA,0,0,NA
"Lohman","WAS",62,1,0,0,0,NA,0,0,0,0,0,NA,0,0,0,0,0,0,0,0,0,0,0,0,0,0,0,NA,0,0,0,0,0,22,24,0.916666666666667,22,24,0.916666666666667,15,16,0.9375,0.666666666666667,0.291666666666667,0.25,0.458333333333333,5,7,0.714285714285714,6,6,1,11,11,1,NA,NA,NA,0,0,NA,0,0,NA,0,0,NA,NA,NA,NA,0,0,NA,0,0,NA,0,0,NA,0,0,0,0,0,0,0,0,0,0.291666666666667,0.25,0.458333333333333,5,7,0.714285714285714,6,6,1,11,11,1,0.666666666666667,15,16,0.9375,0.3125,0.25,0.4375,4,5,0.8,4,4,1,7,7,1,0,0,0,0,NA,0,0,0,0,0,0,NA,1,3,4.35483870967742,0.125,0.125,0.333333333333333,0,0,0,0,NA,0,0,NA,0,0,0,0,NA,0,0,0,0,0,0,0,0,NA,1,2,3,4,0,4,0,3,1,0,22,2,7,4,3,2,2.90322580645161,0,0,1,0,0,0,0,NA,0,0,0,NA,0,0,0,0,0,0,0,0,0,0,0,0,0,0,0,0,0,0,0,0,0,NA,0,0,NA,0,0,NA,0,0,NA
"Long","PTFC",99,1,0,1,0.909090909090909,0,0,0,1,0,0,0,0,0,0,0,0,0,0,0,0,0,0,0,0,0,0,NA,0,0,0,0,0,53,56,0.946428571428571,48,51,0.941176470588235,31,33,0.939393939393939,0.647058823529412,0.428571428571429,0.375,0.196428571428571,21,24,0.875,21,21,1,11,11,1,NA,NA,NA,0,0,NA,0,0,NA,0,0,NA,NA,NA,NA,0,0,NA,0,0,NA,0,0,NA,0,0,0,0,0,0,0,0,0,0.392156862745098,0.411764705882353,0.196078431372549,17,20,0.85,21,21,1,10,10,1,0.589285714285714,31,33,0.939393939393939,0.393939393939394,0.424242424242424,0.181818181818182,11,13,0.846153846153846,14,14,1,6,6,1,0,0,0,0,NA,0,0,3,4,3.63636363636364,0.0714285714285714,0.75,3,3,2.72727272727273,0.0535714285714286,0.0588235294117647,1,0,0,0,0,NA,0,0,NA,0,0,5,5,1,0,0,0,0,5,2,1,1,0.5,1,0,2,6,4,2,0.666666666666667,2,0,1,21,4,9,6,3,0,0,0,5,2,0,0,0,0,NA,0,0,0,NA,0,0,0,0,0,0,0,0,0,0,0,0,0,0,0,0,0,0,0,0,0,NA,0,0,NA,0,0,NA,0,0,NA
"Lytle","SBFC",95,1,0,0,0,NA,0,0,0,0,0,NA,0,0,0,0,0,0,0,0,0,0,0,0,0,0,0,NA,0,0,0,0,0,28,40,0.7,28,40,0.7,9,12,0.75,0.3,0.375,0.175,0.45,5,15,0.333333333333333,7,7,1,16,18,0.888888888888889,NA,NA,NA,0,0,NA,0,0,NA,0,0,NA,NA,NA,NA,0,0,NA,0,0,NA,0,0,NA,0,0,0,0,0,0,0,0,0,0.375,0.175,0.45,5,15,0.333333333333333,7,7,1,16,18,0.888888888888889,0.3,9,12,0.75,0.25,0.0833333333333333,0.666666666666667,0,3,0,1,1,1,8,8,1,0,1,0.947368421052632,0.025,0,1,0,0,0,0,0,NA,0,2,1.89473684210526,0.05,0.05,0,0,0,0,0,NA,0,0,NA,0,0,0,0,NA,0,0,0,0,0,1,1,0,1,3,4,7,2,1,1,0.5,1,0,4,26,1,9,2,7,2,1.89473684210526,0,3,0,0,0,0,0,NA,0,0,0,NA,0,0,0,0,0,0,0,0,0,0,0,0,0,0,0,0,0,0,0,0,0,NA,0,0,NA,0,0,NA,0,0,NA
"Matheson","WAS",84,1,2,3,3.21428571428571,0.666666666666667,0,0,1,0,0,0,0,1,0,0,0,0,0,0,0,0,0,0,3,3.21428571428571,2,0.666666666666667,0,1,0,0,0,24,34,0.705882352941177,23,33,0.696969696969697,19,25,0.76,0.757575757575758,0.382352941176471,0.235294117647059,0.382352941176471,8,13,0.615384615384615,5,8,0.625,11,13,0.846153846153846,NA,NA,NA,0,0,NA,0,0,NA,0,0,NA,NA,NA,NA,0,0,NA,0,0,NA,0,0,NA,0,0,0,0,0,0,0,0,0,0.393939393939394,0.212121212121212,0.393939393939394,8,13,0.615384615384615,4,7,0.571428571428571,11,13,0.846153846153846,0.735294117647059,19,25,0.76,0.4,0.16,0.44,7,10,0.7,2,4,0.5,10,11,0.909090909090909,2,5,5.35714285714286,0.151515151515152,0.4,5,0,0,1,1.07142857142857,0.0294117647058824,0,0,0,0,0,0,NA,0,0,0,0,NA,1,1,1,0,0,0,0,NA,0,0,0,0,0,0,0,0,NA,2,2,4,0,0,0,NA,1,2,0,21,3,8,6,2,0,0,0,1,0,0,0,0,0,NA,0,0,0,NA,0,0,0,0,0,0,0,0,0,0,0,0,0,0,0,0,0,0,0,0,0,NA,0,0,NA,0,0,NA,0,0,NA
"McCaffrey","BOS",88,1,0,3,3.06818181818182,0.333333333333333,1,0,2,0,2,0.666666666666667,0,0,0,0,0,0,0,0,0,0,0,0,0,0,0,NA,0,0,0,0,0,12,15,0.8,12,15,0.8,10,11,0.909090909090909,0.733333333333333,0.133333333333333,0.533333333333333,0.333333333333333,2,2,1,5,8,0.625,5,5,1,NA,NA,NA,0,0,NA,0,0,NA,0,0,NA,NA,NA,NA,0,0,NA,0,0,NA,0,0,NA,0,0,0,0,0,0,0,0,0,0.133333333333333,0.533333333333333,0.333333333333333,2,2,1,5,8,0.625,5,5,1,0.733333333333333,10,11,0.909090909090909,0.181818181818182,0.454545454545455,0.363636363636364,2,2,1,4,5,0.8,4,4,1,1,2,2.04545454545455,0.133333333333333,0.5,2,0,0,0,0,0,NA,0,0,0,0,0,NA,0,0,0,0,NA,0,0,NA,0,0,0,0,NA,0,0,0,0,0,10,7,3,0.7,2,6,11,2,1,1,0.5,1,1,0,23,3,6,3,3,1,1.02272727272727,0,1,0,0,0,0,0,NA,0,0,0,NA,0,0,0,0,0,0,0,0,0,0,0,0,0,0,0,0,0,0,0,0,0,NA,0,0,NA,0,0,NA,0,0,NA
"Menges","PTFC",99,1,0,0,0,NA,0,0,0,0,0,NA,0,0,0,0,0,0,0,0,0,0,0,0,0,0,0,NA,0,0,0,0,0,33,39,0.846153846153846,33,39,0.846153846153846,7,9,0.777777777777778,0.230769230769231,0.615384615384615,0.179487179487179,0.205128205128205,19,24,0.791666666666667,6,7,0.857142857142857,8,8,1,NA,NA,NA,0,0,NA,0,0,NA,0,0,NA,NA,NA,NA,0,0,NA,0,0,NA,0,0,NA,0,0,0,0,0,0,0,0,0,0.615384615384615,0.179487179487179,0.205128205128205,19,24,0.791666666666667,6,7,0.857142857142857,8,8,1,0.230769230769231,7,9,0.777777777777778,0.666666666666667,0.222222222222222,0.111111111111111,4,6,0.666666666666667,2,2,1,1,1,1,0,0,0,0,NA,0,0,0,2,1.81818181818182,0.0512820512820513,0,0,0,0,0,0,NA,0,0,0,0,NA,0,0,NA,0,0,0,0,NA,0,0,0,0,0,1,0,1,0,1,1,3,2,0,2,0,1,0,0,2,6,11,8,3,3,2.72727272727273,0,2,5,0,0,0,0,NA,0,0,0,NA,0,0,0,0,0,0,0,0,0,0,0,0,0,0,0,0,0,0,0,0,0,NA,0,0,NA,0,0,NA,0,0,NA
"Mewis","BOS",99,1,0,2,1.81818181818182,0.5,1,0,1,0,1,0.5,0,0,0,0,0,0,0,0,0,0,0,0,0,0,0,NA,0,0,0,0,0,24,33,0.727272727272727,22,30,0.733333333333333,16,22,0.727272727272727,0.733333333333333,0.484848484848485,0.393939393939394,0.121212121212121,10,16,0.625,10,13,0.769230769230769,4,4,1,NA,NA,NA,0,0,NA,0,0,NA,0,0,NA,NA,NA,NA,0,0,NA,0,0,NA,0,0,NA,0,0,0,0,0,0,0,0,0,0.533333333333333,0.333333333333333,0.133333333333333,10,16,0.625,8,10,0.8,4,4,1,0.666666666666667,16,22,0.727272727272727,0.545454545454545,0.318181818181818,0.136363636363636,8,12,0.666666666666667,5,7,0.714285714285714,3,3,1,2,2,1.81818181818182,0.0666666666666667,1,1,1,0,0,0,0,NA,1,3,2.72727272727273,0.0909090909090909,0.1,0.333333333333333,0,0,0,0,NA,2,3,0.666666666666667,0,0,0,0,NA,0,0,0,0,0,2,2,0,1,4,0,4,9,3,6,0.333333333333333,0,0,0,13,3,9,5,4,0,0,0,3,1,0,0,0,0,NA,0,0,0,NA,0,0,0,0,0,0,0,0,0,0,0,0,0,0,0,0,0,0,0,0,0,NA,0,0,NA,0,0,NA,0,0,NA
"Mewis","WNYF",94,1,0,5,4.78723404255319,0.4,2,0,3,0,4,0.8,0,0,0,0,1,0,0,0,0,0,0,0,0,0,0,NA,0,0,0,0,0,36,46,0.782608695652174,35,45,0.777777777777778,24,30,0.8,0.666666666666667,0.760869565217391,0.0217391304347826,0.217391304347826,25,35,0.714285714285714,1,1,1,10,10,1,NA,NA,NA,0,0,NA,0,0,NA,0,0,NA,NA,NA,NA,0,0,NA,0,0,NA,0,0,NA,0,0,0,0,0,0,0,0,0,0.755555555555556,0.0222222222222222,0.222222222222222,24,34,0.705882352941177,1,1,1,10,10,1,0.652173913043478,24,30,0.8,0.733333333333333,0,0.266666666666667,16,22,0.727272727272727,0,0,NA,8,8,1,1,1,0.957446808510638,0.0222222222222222,1,1,0,0,1,0.957446808510638,0.0217391304347826,0,2,7,6.70212765957447,0.152173913043478,0.155555555555556,0.285714285714286,0,0,0,0,NA,0,0,NA,0,0,1,1,1,0,0,0,0,1,1,0,1,0,1,2,4,3,1,2,0.333333333333333,1,0,1,33,0,7,4,3,5,4.78723404255319,0,2,0,0,0,0,0,NA,0,0,0,NA,0,0,0,0,0,0,0,0,0,0,0,0,0,0,0,0,0,0,0,0,0,NA,0,0,NA,0,0,NA,0,0,NA
"Moros","HOU",95,1,0,0,0,NA,0,0,0,0,0,NA,0,0,0,0,0,0,0,0,0,0,0,0,0,0,0,NA,0,0,0,0,0,60,64,0.9375,59,63,0.936507936507937,9,10,0.9,0.158730158730159,0.5625,0.34375,0.09375,32,36,0.888888888888889,22,22,1,6,6,1,NA,NA,NA,0,0,NA,0,0,NA,0,0,NA,NA,NA,NA,0,0,NA,0,0,NA,0,0,NA,0,0,0,0,0,0,0,0,0,0.555555555555556,0.349206349206349,0.0952380952380952,31,35,0.885714285714286,22,22,1,6,6,1,0.15625,9,10,0.9,0.5,0.4,0.1,4,5,0.8,4,4,1,1,1,1,0,0,0,0,NA,0,0,0,2,1.89473684210526,0.03125,0,0,1,0.947368421052632,0.015625,0.0158730158730159,0,0,0,0,0,NA,0,0,NA,0,0,1,1,1,0,0,0,0,1,1,1,0,1,0,0,0,2,0,2,0,1,1,1,4,2,11,8,3,1,0.947368421052632,0,2,3,0,0,0,0,NA,0,0,0,NA,0,0,0,0,0,0,0,0,0,0,0,0,0,0,0,0,0,0,0,0,0,NA,0,0,NA,0,0,NA,0,0,NA
"Morris","PTFC",13,0,0,0,0,NA,0,0,0,0,0,NA,0,0,0,0,0,0,0,0,0,0,0,0,0,0,0,NA,0,0,0,0,0,2,3,0.666666666666667,2,3,0.666666666666667,2,2,1,0.666666666666667,0.666666666666667,0,0.333333333333333,1,2,0.5,0,0,NA,1,1,1,NA,NA,NA,0,0,NA,0,0,NA,0,0,NA,NA,NA,NA,0,0,NA,0,0,NA,0,0,NA,0,0,0,0,0,0,0,0,0,0.666666666666667,0,0.333333333333333,1,2,0.5,0,0,NA,1,1,1,0.666666666666667,2,2,1,0.5,0,0.5,1,1,1,0,0,NA,1,1,1,0,0,0,0,NA,0,0,0,0,0,0,NA,0,0,0,0,0,NA,0,0,0,0,NA,0,0,NA,0,0,0,0,NA,0,0,0,0,0,0,0,0,NA,0,1,1,1,0,1,0,0,0,0,8,4,2,0,2,0,0,0,1,0,0,0,0,0,NA,0,0,0,NA,0,0,0,0,0,0,0,0,0,0,0,0,0,0,0,0,0,0,0,0,0,NA,0,0,NA,0,0,NA,0,0,NA
"Nadim","PTFC",87,1,0,1,1.03448275862069,0,0,0,1,0,1,1,0,0,0,0,0,0,0,0,0,0,0,0,1,1.03448275862069,0,0,0,0,0,0,1,23,30,0.766666666666667,22,29,0.758620689655172,18,21,0.857142857142857,0.724137931034483,0.366666666666667,0.266666666666667,0.366666666666667,7,11,0.636363636363636,6,8,0.75,10,11,0.909090909090909,NA,NA,NA,0,0,NA,0,0,NA,0,0,NA,NA,NA,NA,0,0,NA,0,0,NA,0,0,NA,0,0,0,0,0,0,0,0,0,0.379310344827586,0.275862068965517,0.344827586206897,7,11,0.636363636363636,6,8,0.75,9,10,0.9,0.7,18,21,0.857142857142857,0.333333333333333,0.238095238095238,0.428571428571429,5,7,0.714285714285714,5,5,1,8,9,0.888888888888889,0,1,1.03448275862069,0.0344827586206897,0,1,0,0,0,0,0,NA,2,2,2.06896551724138,0.0666666666666667,0.0689655172413793,1,1,1,1.03448275862069,0.0333333333333333,1,0,0,NA,0,0,0,0,NA,0,0,0,0,0,3,0,3,0,3,1,7,8,3,5,0.375,1,0,0,18,3,9,5,4,0,0,0,0,0,0,0,0,0,NA,0,0,0,NA,0,0,0,0,0,0,0,0,0,0,0,0,0,0,0,0,0,0,0,0,0,NA,0,0,NA,0,0,NA,0,0,NA
"Nairn","WAS",94,1,0,1,0.957446808510638,0,0,0,1,0,1,1,0,0,0,1,0,0,0,0,0,0,0,0,0,0,0,NA,0,0,0,0,0,31,38,0.815789473684211,28,33,0.848484848484849,24,25,0.96,0.757575757575758,0.578947368421053,0.0526315789473684,0.368421052631579,16,22,0.727272727272727,2,2,1,13,14,0.928571428571429,NA,NA,NA,0,0,NA,0,0,NA,0,0,NA,NA,NA,NA,0,0,NA,0,0,NA,0,0,NA,0,0,0,0,0,0,0,0,0,0.515151515151515,0.0606060606060606,0.424242424242424,13,17,0.764705882352941,2,2,1,13,14,0.928571428571429,0.657894736842105,24,25,0.96,0.48,0.08,0.44,11,12,0.916666666666667,2,2,1,11,11,1,0,0,0,0,NA,0,0,1,2,1.91489361702128,0.0526315789473684,0.5,1,2,1.91489361702128,0.0526315789473684,0.0606060606060606,0.5,0,0,0,0,NA,0,0,NA,0,0,3,5,0.6,0,0,0,0,5,0,0,0,NA,2,1,3,3,0,3,0,0,1,0,41,2,7,4,3,1,0.957446808510638,0,1,2,0,0,0,0,NA,0,0,0,NA,0,0,0,0,0,0,0,0,0,0,0,0,0,0,0,0,0,0,0,0,0,NA,0,0,NA,0,0,NA,0,0,NA
"Nick","SBFC",58,1,0,0,0,NA,0,0,0,0,0,NA,0,0,0,0,0,0,0,0,0,0,0,0,0,0,0,NA,0,0,0,0,0,17,21,0.80952380952381,17,21,0.80952380952381,9,10,0.9,0.476190476190476,0.666666666666667,0.238095238095238,0.0952380952380952,11,14,0.785714285714286,4,5,0.8,2,2,1,NA,NA,NA,0,0,NA,0,0,NA,0,0,NA,NA,NA,NA,0,0,NA,0,0,NA,0,0,NA,0,0,0,0,0,0,0,0,0,0.666666666666667,0.238095238095238,0.0952380952380952,11,14,0.785714285714286,4,5,0.8,2,2,1,0.476190476190476,9,10,0.9,0.8,0.1,0.1,7,8,0.875,1,1,1,1,1,1,0,0,0,0,NA,0,0,0,1,1.55172413793103,0.0476190476190476,0,0,1,1.55172413793103,0.0476190476190476,0.0476190476190476,0,0,0,0,0,NA,0,0,NA,0,0,0,0,NA,0,0,0,0,0,1,1,0,1,1,0,1,2,1,1,0.5,1,0,3,13,4,6,3,3,0,0,0,4,0,0,0,0,0,NA,0,0,0,NA,0,0,0,0,0,0,0,0,0,0,0,0,0,0,0,0,0,0,0,0,0,NA,0,0,NA,0,0,NA,0,0,NA
"O'Hara","SBFC",95,1,0,2,1.89473684210526,0,0,0,2,0,0,0,0,0,0,1,0,0,0,0,0,0,0,0,0,0,0,NA,0,0,0,0,0,54,78,0.692307692307692,40,54,0.740740740740741,20,23,0.869565217391304,0.425925925925926,0.717948717948718,0.192307692307692,0.0897435897435897,39,56,0.696428571428571,10,15,0.666666666666667,5,7,0.714285714285714,NA,NA,NA,0,0,NA,0,0,NA,0,0,NA,NA,NA,NA,0,0,NA,0,0,NA,0,0,NA,0,0,0,0,0,0,0,0,0,0.666666666666667,0.203703703703704,0.12962962962963,27,36,0.75,8,11,0.727272727272727,5,7,0.714285714285714,0.294871794871795,20,23,0.869565217391304,0.608695652173913,0.217391304347826,0.173913043478261,13,14,0.928571428571429,4,5,0.8,3,4,0.75,2,4,3.78947368421053,0.0740740740740741,0.5,3,1,1,1,0.947368421052632,0.0128205128205128,1,0,1,0.947368421052632,0.0128205128205128,0.0185185185185185,0,9,16,15.1578947368421,0.205128205128205,0.5625,1,3,0.333333333333333,0,0,4,5,0.8,0,0,1,0,6,3,3,0,1,4,5,9,0,0,0,NA,1,1,0,13,0,7,4,3,2,1.89473684210526,0,6,2,1,0,0,0,NA,0,0,0,NA,0,0,0,0,0,0,0,0,0,0,0,0,0,0,0,0,0,0,0,0,0,NA,0,0,NA,0,0,NA,0,0,NA
"O'Sullivan","HOU",49,0,0,2,3.6734693877551,0.5,1,0,1,0,0,0,0,0,0,2,0,0,0,0,0,0,0,0,0,0,0,NA,0,0,0,0,0,14,19,0.736842105263158,14,19,0.736842105263158,11,13,0.846153846153846,0.684210526315789,0.526315789473684,0.105263157894737,0.368421052631579,6,10,0.6,2,2,1,6,7,0.857142857142857,NA,NA,NA,0,0,NA,0,0,NA,0,0,NA,NA,NA,NA,0,0,NA,0,0,NA,0,0,NA,0,0,0,0,0,0,0,0,0,0.526315789473684,0.105263157894737,0.368421052631579,6,10,0.6,2,2,1,6,7,0.857142857142857,0.684210526315789,11,13,0.846153846153846,0.384615384615385,0.153846153846154,0.461538461538462,4,5,0.8,2,2,1,5,6,0.833333333333333,0,0,0,0,NA,0,0,0,0,0,0,NA,0,2,3.6734693877551,0.105263157894737,0.105263157894737,0,0,0,0,0,NA,0,0,NA,0,0,0,0,NA,0,0,0,0,0,1,1,0,1,0,1,1,2,0,2,0,3,0,0,26,3,6,3,3,0,0,0,1,1,0,0,0,0,NA,0,0,0,NA,0,0,0,0,0,0,0,0,0,0,0,0,0,0,0,0,0,0,0,0,0,NA,0,0,NA,0,0,NA,0,0,NA
"Ochs","HOU",15,0,0,0,0,NA,0,0,0,0,0,NA,0,0,0,0,0,0,0,0,0,0,0,0,0,0,0,NA,0,0,0,0,0,8,10,0.8,6,8,0.75,3,4,0.75,0.5,0.7,0.1,0.2,5,7,0.714285714285714,1,1,1,2,2,1,NA,NA,NA,0,0,NA,0,0,NA,0,0,NA,NA,NA,NA,0,0,NA,0,0,NA,0,0,NA,0,0,0,0,0,0,0,0,0,0.75,0,0.25,4,6,0.666666666666667,0,0,NA,2,2,1,0.4,3,4,0.75,0.5,0,0.5,1,2,0.5,0,0,NA,2,2,1,0,1,6,0.125,0,1,0,0,0,0,0,NA,0,0,0,0,0,NA,1,1,6,0.1,1,1,1,1,0,0,0,0,NA,0,0,0,0,0,2,1,1,0.5,2,1,4,0,0,0,NA,0,0,0,3,1,3,2,1,0,0,0,0,0,0,0,0,0,NA,0,0,0,NA,0,0,0,0,0,0,0,0,0,0,0,0,0,0,0,0,0,0,0,0,0,NA,0,0,NA,0,0,NA,0,0,NA
"Ohai","HOU",65,1,0,0,0,NA,0,0,0,0,0,NA,0,0,0,0,0,0,0,1,0,0,0,1.38461538461538,0,0,0,NA,0,0,0,0,0,12,13,0.923076923076923,11,12,0.916666666666667,4,4,1,0.333333333333333,0.230769230769231,0.461538461538462,0.307692307692308,3,3,1,5,6,0.833333333333333,4,4,1,NA,NA,NA,0,0,NA,0,0,NA,0,0,NA,NA,NA,NA,0,0,NA,0,0,NA,0,0,NA,0,0,0,0,0,0,0,0,0,0.166666666666667,0.5,0.333333333333333,2,2,1,5,6,0.833333333333333,4,4,1,0.307692307692308,4,4,1,0.25,0.25,0.5,1,1,1,1,1,1,2,2,1,2,3,4.15384615384615,0.25,0.666666666666667,3,0,0,0,0,0,NA,0,0,0,0,0,NA,1,1,1.38461538461538,0.0769230769230769,1,0,0,NA,0,0,0,0,NA,0,0,0,0,0,4,1,3,0.25,1,2,6,1,0,1,0,1,1,0,10,1,7,3,4,0,0,0,1,0,0,0,0,0,NA,0,0,0,NA,0,0,0,0,0,0,0,0,0,0,0,0,0,0,0,0,0,0,0,0,0,NA,0,0,NA,0,0,NA,0,0,NA
"Oyster","WAS",94,1,0,0,0,NA,0,0,0,0,0,NA,0,0,0,0,0,0,0,0,0,0,0,0,0,0,0,NA,0,0,0,0,0,27,31,0.870967741935484,27,31,0.870967741935484,13,15,0.866666666666667,0.483870967741935,0.741935483870968,0.0967741935483871,0.161290322580645,19,23,0.826086956521739,3,3,1,5,5,1,NA,NA,NA,0,0,NA,0,0,NA,0,0,NA,NA,NA,NA,0,0,NA,0,0,NA,0,0,NA,0,0,0,0,0,0,0,0,0,0.741935483870968,0.0967741935483871,0.161290322580645,19,23,0.826086956521739,3,3,1,5,5,1,0.483870967741935,13,15,0.866666666666667,0.666666666666667,0.0666666666666667,0.266666666666667,8,10,0.8,1,1,1,4,4,1,0,0,0,0,NA,0,0,0,1,0.957446808510638,0.032258064516129,0,0,0,0,0,0,NA,0,0,0,0,NA,0,0,NA,0,0,0,0,NA,0,0,0,0,0,0,0,0,NA,1,0,1,1,1,0,1,2,0,0,6,1,7,5,2,3,2.87234042553191,0,1,10,0,0,0,0,NA,0,0,0,NA,0,0,0,0,0,0,0,0,0,0,0,0,0,0,0,0,0,0,0,0,0,NA,0,0,NA,0,0,NA,0,0,NA
"Pathman","BOS",99,1,0,0,0,NA,0,0,0,0,0,NA,0,0,0,0,0,0,0,0,0,0,0,0,0,0,0,NA,0,0,0,0,0,39,53,0.735849056603774,25,37,0.675675675675676,20,26,0.769230769230769,0.702702702702703,0.641509433962264,0.283018867924528,0.0754716981132075,23,34,0.676470588235294,12,15,0.8,4,4,1,NA,NA,NA,0,0,NA,0,0,NA,0,0,NA,NA,NA,NA,0,0,NA,0,0,NA,0,0,NA,0,0,0,0,0,0,0,0,0,0.648648648648649,0.27027027027027,0.0810810810810811,15,24,0.625,7,10,0.7,3,3,1,0.490566037735849,20,26,0.769230769230769,0.615384615384615,0.269230769230769,0.115384615384615,11,16,0.6875,6,7,0.857142857142857,3,3,1,1,4,3.63636363636364,0.108108108108108,0.25,3,1,2,6,5.45454545454546,0.113207547169811,0.333333333333333,0,1,0.909090909090909,0.0188679245283019,0.027027027027027,0,14,15,13.6363636363636,0.283018867924528,0.933333333333333,0,0,NA,0,0,0,1,0,0,0,0,0,1,2,2,0,1,1,0,1,5,0,5,0,0,0,0,16,1,9,5,4,2,1.81818181818182,0,3,2,0,0,0,0,NA,0,0,0,NA,0,0,0,0,0,0,0,0,0,0,0,0,0,0,0,0,0,0,0,0,0,NA,0,0,NA,0,0,NA,0,0,NA
"Poliana","HOU",95,1,0,2,1.89473684210526,0.5,0,1,1,0,1,0.5,0,1,0,0,0,0,0,1,0,0,0,0.947368421052632,0,0,0,NA,0,0,0,0,0,38,56,0.678571428571429,27,43,0.627906976744186,8,13,0.615384615384615,0.302325581395349,0.589285714285714,0.160714285714286,0.25,17,33,0.515151515151515,7,9,0.777777777777778,14,14,1,NA,NA,NA,0,0,NA,0,0,NA,0,0,NA,NA,NA,NA,0,0,NA,0,0,NA,0,0,NA,0,0,0,0,0,0,0,0,0,0.627906976744186,0.162790697674419,0.209302325581395,13,27,0.481481481481481,5,7,0.714285714285714,9,9,1,0.232142857142857,8,13,0.615384615384615,0.461538461538462,0.307692307692308,0.230769230769231,2,6,0.333333333333333,3,4,0.75,3,3,1,2,5,4.73684210526316,0.116279069767442,0.4,4,1,0,2,1.89473684210526,0.0357142857142857,0,0,0,0,0,0,NA,11,13,12.3157894736842,0.232142857142857,0.846153846153846,0,0,NA,0,0,0,0,NA,0,0,0,0,0,4,4,0,1,1,0,1,5,3,2,0.6,2,0,4,17,4,10,7,3,3,2.84210526315789,0,9,7,1,0,0,0,NA,0,0,0,NA,0,0,0,0,0,0,0,0,0,0,0,0,0,0,0,0,0,0,0,0,0,NA,0,0,NA,0,0,NA,0,0,NA
"Privett","HOU",95,1,0,0,0,NA,0,0,0,0,0,NA,0,0,0,0,0,0,0,0,0,0,0,0,0,0,0,NA,0,0,0,0,0,30,36,0.833333333333333,29,35,0.828571428571429,12,14,0.857142857142857,0.4,0.5,0.222222222222222,0.277777777777778,13,18,0.722222222222222,7,8,0.875,10,10,1,NA,NA,NA,0,0,NA,0,0,NA,0,0,NA,NA,NA,NA,0,0,NA,0,0,NA,0,0,NA,0,0,0,0,0,0,0,0,0,0.514285714285714,0.2,0.285714285714286,13,18,0.722222222222222,6,7,0.857142857142857,10,10,1,0.388888888888889,12,14,0.857142857142857,0.428571428571429,0.0714285714285714,0.5,5,6,0.833333333333333,0,1,0,7,7,1,0,0,0,0,NA,0,0,0,1,0.947368421052632,0.0277777777777778,0,0,0,0,0,0,NA,0,0,0,0,NA,1,1,1,0,0,0,0,NA,0,0,0,0,0,2,2,0,1,2,2,4,6,2,4,0.333333333333333,3,0,2,19,4,11,9,2,2,1.89473684210526,0,6,8,0,0,0,0,NA,0,0,0,NA,0,0,0,0,0,0,0,0,0,0,0,0,0,0,0,0,0,0,0,0,0,NA,0,0,NA,0,0,NA,0,0,NA
"Rampone","SBFC",95,1,0,0,0,NA,0,0,0,0,0,NA,0,0,0,0,0,0,0,0,0,0,0,0,0,0,0,NA,0,0,0,0,0,19,24,0.791666666666667,16,21,0.761904761904762,5,7,0.714285714285714,0.333333333333333,0.75,0.125,0.125,14,18,0.777777777777778,2,3,0.666666666666667,3,3,1,NA,NA,NA,0,0,NA,0,0,NA,0,0,NA,NA,NA,NA,0,0,NA,0,0,NA,0,0,NA,0,0,0,0,0,0,0,0,0,0.714285714285714,0.142857142857143,0.142857142857143,11,15,0.733333333333333,2,3,0.666666666666667,3,3,1,0.291666666666667,5,7,0.714285714285714,0.571428571428571,0.142857142857143,0.285714285714286,2,4,0.5,1,1,1,2,2,1,1,3,2.84210526315789,0.142857142857143,0.333333333333333,3,0,1,2,1.89473684210526,0.0833333333333333,0.5,0,0,0,0,0,NA,0,0,0,0,NA,0,0,NA,0,0,3,3,1,0,0,0,0,3,1,1,0,1,0,0,0,3,2,1,0.666666666666667,0,0,1,6,1,6,5,1,2,1.89473684210526,0,2,11,0,0,0,0,NA,0,0,0,NA,0,0,0,0,0,0,0,0,0,0,0,0,0,0,0,0,0,0,0,0,0,NA,0,0,NA,0,0,NA,0,0,NA
"Raso","PTFC",30,0,0,0,0,NA,0,0,0,0,0,NA,0,0,0,0,0,0,0,0,0,0,0,0,0,0,0,NA,0,0,0,0,0,4,6,0.666666666666667,4,6,0.666666666666667,4,6,0.666666666666667,1,0.166666666666667,0.666666666666667,0.166666666666667,0,1,0,3,4,0.75,1,1,1,NA,NA,NA,0,0,NA,0,0,NA,0,0,NA,NA,NA,NA,0,0,NA,0,0,NA,0,0,NA,0,0,0,0,0,0,0,0,0,0.166666666666667,0.666666666666667,0.166666666666667,0,1,0,3,4,0.75,1,1,1,1,4,6,0.666666666666667,0.166666666666667,0.666666666666667,0.166666666666667,0,1,0,3,4,0.75,1,1,1,0,1,3,0.166666666666667,0,0,1,0,0,0,0,NA,0,0,0,0,0,NA,0,0,0,0,NA,0,0,NA,0,0,0,0,NA,0,0,0,0,0,0,0,0,NA,0,0,0,2,1,1,0.5,0,0,0,7,1,1,0,1,0,0,0,1,0,0,0,0,0,NA,0,0,0,NA,0,0,0,0,0,0,0,0,0,0,0,0,0,0,0,0,0,0,0,0,0,NA,0,0,NA,0,0,NA,0,0,NA
"Ratcliffe","BOS",12,0,0,0,0,NA,0,0,0,0,0,NA,0,0,0,0,0,0,0,0,0,0,0,0,0,0,0,NA,0,0,0,0,0,0,0,NA,0,0,NA,0,0,NA,NA,NA,NA,NA,0,0,NA,0,0,NA,0,0,NA,NA,NA,NA,0,0,NA,0,0,NA,0,0,NA,NA,NA,NA,0,0,NA,0,0,NA,0,0,NA,0,0,0,0,0,0,0,0,0,NA,NA,NA,0,0,NA,0,0,NA,0,0,NA,NA,0,0,NA,NA,NA,NA,0,0,NA,0,0,NA,0,0,NA,0,0,0,NA,NA,0,0,0,0,0,NA,NA,0,0,0,NA,NA,NA,0,0,0,NA,NA,0,0,NA,0,0,0,0,NA,0,0,0,0,0,0,0,0,NA,0,0,0,1,1,0,1,0,0,1,4,3,0,0,0,0,0,0,0,0,0,0,0,0,NA,0,0,0,NA,0,0,0,0,0,0,0,0,0,0,0,0,0,0,0,0,0,0,0,0,0,NA,0,0,NA,0,0,NA,0,0,NA
"Reynolds","PTFC",99,1,0,0,0,NA,0,0,0,0,0,NA,0,0,0,0,0,0,0,0,0,0,0,0,0,0,0,NA,0,0,0,0,0,23,31,0.741935483870968,14,17,0.823529411764706,7,8,0.875,0.470588235294118,0.67741935483871,0.161290322580645,0.161290322580645,14,21,0.666666666666667,5,5,1,4,5,0.8,NA,NA,NA,0,0,NA,0,0,NA,0,0,NA,NA,NA,NA,0,0,NA,0,0,NA,0,0,NA,0,0,0,0,0,0,0,0,0,0.588235294117647,0.176470588235294,0.235294117647059,7,10,0.7,3,3,1,4,4,1,0.258064516129032,7,8,0.875,0.375,0.125,0.5,2,3,0.666666666666667,1,1,1,4,4,1,1,2,1.81818181818182,0.117647058823529,0.5,1,1,1,2,1.81818181818182,0.0645161290322581,0.5,0,1,0.909090909090909,0.032258064516129,0.0588235294117647,0,9,14,12.7272727272727,0.451612903225806,0.642857142857143,0,0,NA,0,0,0,0,NA,0,0,0,0,0,0,0,0,NA,0,0,0,3,2,1,0.666666666666667,4,1,5,31,6,5,4,1,1,0.909090909090909,0,3,4,3,0,0,0,NA,0,0,0,NA,0,0,0,0,0,0,0,0,0,0,0,0,0,0,0,0,0,0,0,0,0,NA,0,0,NA,0,0,NA,0,0,NA
"Rodriguez","SBFC",77,1,0,2,2.33766233766234,0.5,1,0,1,0,0,0,0,0,0,1,0,0,0,0,0,0,0,0,0,0,0,NA,0,0,0,0,0,26,39,0.666666666666667,26,39,0.666666666666667,16,24,0.666666666666667,0.615384615384615,0.435897435897436,0.205128205128205,0.358974358974359,7,17,0.411764705882353,6,8,0.75,13,14,0.928571428571429,NA,NA,NA,0,0,NA,0,0,NA,0,0,NA,NA,NA,NA,0,0,NA,0,0,NA,0,0,NA,0,0,0,0,0,0,0,0,0,0.435897435897436,0.205128205128205,0.358974358974359,7,17,0.411764705882353,6,8,0.75,13,14,0.928571428571429,0.615384615384615,16,24,0.666666666666667,0.375,0.208333333333333,0.416666666666667,3,9,0.333333333333333,3,5,0.6,10,10,1,0,0,0,0,NA,0,0,1,2,2.33766233766234,0.0512820512820513,0.5,0,3,3.50649350649351,0.0769230769230769,0.0769230769230769,0,0,0,0,0,NA,0,0,NA,0,0,0,0,NA,0,0,0,0,0,5,5,0,1,2,3,5,3,1,2,0.333333333333333,0,0,2,18,4,17,7,10,0,0,0,1,1,0,0,0,0,NA,0,0,0,NA,0,0,0,0,0,0,0,0,0,0,0,0,0,0,0,0,0,0,0,0,0,NA,0,0,NA,0,0,NA,0,0,NA
"Salem","BOS",87,1,0,0,0,NA,0,0,0,0,0,NA,0,0,0,0,0,0,0,0,0,0,0,0,0,0,0,NA,0,0,0,0,0,23,33,0.696969696969697,23,29,0.793103448275862,17,18,0.944444444444444,0.620689655172414,0.606060606060606,0.242424242424242,0.151515151515152,12,20,0.6,6,8,0.75,5,5,1,NA,NA,NA,0,0,NA,0,0,NA,0,0,NA,NA,NA,NA,0,0,NA,0,0,NA,0,0,NA,0,0,0,0,0,0,0,0,0,0.586206896551724,0.241379310344828,0.172413793103448,12,17,0.705882352941177,6,7,0.857142857142857,5,5,1,0.545454545454545,17,18,0.944444444444444,0.555555555555556,0.222222222222222,0.222222222222222,9,10,0.9,4,4,1,4,4,1,1,1,1.03448275862069,0.0344827586206897,1,1,0,0,2,2.06896551724138,0.0606060606060606,0,0,2,2.06896551724138,0.0606060606060606,0.0689655172413793,0,0,0,0,0,NA,0,1,0,0,0,0,3,0,0,0,0,0,3,0,0,0,NA,0,1,1,5,1,4,0.2,1,2,0,31,2,10,5,5,1,1.03448275862069,0,2,1,0,0,0,0,NA,0,0,0,NA,0,0,0,0,0,0,0,0,0,0,0,0,0,0,0,0,0,0,0,0,0,NA,0,0,NA,0,0,NA,0,0,NA
"Schillgard","BOS",99,1,0,0,0,NA,0,0,0,0,0,NA,0,0,0,0,0,0,0,0,0,0,0,0,0,0,0,NA,0,0,0,0,0,23,28,0.821428571428571,22,27,0.814814814814815,16,21,0.761904761904762,0.777777777777778,0.178571428571429,0.607142857142857,0.214285714285714,4,5,0.8,13,17,0.764705882352941,6,6,1,NA,NA,NA,0,0,NA,0,0,NA,0,0,NA,NA,NA,NA,0,0,NA,0,0,NA,0,0,NA,0,0,0,0,0,0,0,0,0,0.185185185185185,0.592592592592593,0.222222222222222,4,5,0.8,12,16,0.75,6,6,1,0.75,16,21,0.761904761904762,0.19047619047619,0.666666666666667,0.142857142857143,3,4,0.75,10,14,0.714285714285714,3,3,1,4,5,4.54545454545454,0.185185185185185,0.8,5,0,1,1,0.909090909090909,0.0357142857142857,1,0,0,0,0,0,NA,1,1,0.909090909090909,0.0357142857142857,1,0,0,NA,0,0,0,0,NA,0,0,0,0,0,5,2,3,0.4,2,1,6,4,0,4,0,3,0,1,37,3,6,5,1,3,2.72727272727273,0,0,1,0,0,0,0,NA,0,0,0,NA,0,0,0,0,0,0,0,0,0,0,0,0,0,0,0,0,0,0,0,0,0,NA,0,0,NA,0,0,NA,0,0,NA
"Schulmann","SBFC",20,0,0,0,0,NA,0,0,0,0,0,NA,0,0,0,0,0,0,0,0,0,0,0,0,0,0,0,NA,0,0,0,0,0,3,5,0.6,3,5,0.6,2,4,0.5,0.8,0.4,0.2,0.4,0,2,0,1,1,1,2,2,1,NA,NA,NA,0,0,NA,0,0,NA,0,0,NA,NA,NA,NA,0,0,NA,0,0,NA,0,0,NA,0,0,0,0,0,0,0,0,0,0.4,0.2,0.4,0,2,0,1,1,1,2,2,1,0.8,2,4,0.5,0.5,0,0.5,0,2,0,0,0,NA,2,2,1,0,0,0,0,NA,0,0,0,0,0,0,NA,0,0,0,0,0,NA,0,0,0,0,NA,0,0,NA,0,0,0,0,NA,0,0,0,0,0,1,0,1,0,0,1,2,1,0,1,0,0,1,1,3,1,2,1,1,0,0,0,2,1,0,0,0,0,NA,0,0,0,NA,0,0,0,0,0,0,0,0,0,0,0,0,0,0,0,0,0,0,0,0,0,NA,0,0,NA,0,0,NA,0,0,NA
"Shim","PTFC",70,1,0,1,1.28571428571429,0,0,0,1,0,1,1,0,0,0,0,0,0,0,0,0,0,0,0,0,0,0,NA,0,0,0,0,0,14,17,0.823529411764706,14,17,0.823529411764706,10,10,1,0.588235294117647,0.411764705882353,0.235294117647059,0.352941176470588,6,7,0.857142857142857,3,4,0.75,5,6,0.833333333333333,NA,NA,NA,0,0,NA,0,0,NA,0,0,NA,NA,NA,NA,0,0,NA,0,0,NA,0,0,NA,0,0,0,0,0,0,0,0,0,0.411764705882353,0.235294117647059,0.352941176470588,6,7,0.857142857142857,3,4,0.75,5,6,0.833333333333333,0.588235294117647,10,10,1,0.4,0.3,0.3,4,4,1,3,3,1,3,3,1,0,0,0,0,NA,0,0,0,0,0,0,NA,1,1,1.28571428571429,0.0588235294117647,0.0588235294117647,1,0,0,0,0,NA,0,0,NA,0,0,0,0,NA,0,0,0,0,0,1,0,1,0,0,1,2,3,0,3,0,2,0,6,24,7,6,4,2,0,0,0,0,0,0,0,0,0,NA,0,0,0,NA,0,0,0,0,0,0,0,0,0,0,0,0,0,0,0,0,0,0,0,0,0,NA,0,0,NA,0,0,NA,0,0,NA
"Simon","BOS",99,1,0,0,0,NA,0,0,0,0,0,NA,0,0,0,0,0,0,0,0,0,0,0,0,0,0,0,NA,0,0,0,0,0,22,30,0.733333333333333,22,30,0.733333333333333,18,21,0.857142857142857,0.7,0.433333333333333,0.166666666666667,0.4,6,13,0.461538461538462,4,5,0.8,12,12,1,NA,NA,NA,0,0,NA,0,0,NA,0,0,NA,NA,NA,NA,0,0,NA,0,0,NA,0,0,NA,0,0,0,0,0,0,0,0,0,0.433333333333333,0.166666666666667,0.4,6,13,0.461538461538462,4,5,0.8,12,12,1,0.7,18,21,0.857142857142857,0.333333333333333,0.238095238095238,0.428571428571429,5,7,0.714285714285714,4,5,0.8,9,9,1,0,0,0,0,NA,0,0,0,0,0,0,NA,1,2,1.81818181818182,0.0666666666666667,0.0666666666666667,0.5,0,0,0,0,NA,0,0,NA,0,0,0,0,NA,0,0,0,0,0,2,1,1,0.5,1,1,3,13,1,12,0.0769230769230769,1,0,1,30,3,8,4,4,1,0.909090909090909,0,1,0,0,0,0,0,NA,0,0,0,NA,0,0,0,0,0,0,0,0,0,0,0,0,0,0,0,0,0,0,0,0,0,NA,0,0,NA,0,0,NA,0,0,NA
"Simon","SBFC",95,1,0,0,0,NA,0,0,0,0,0,NA,0,0,0,0,0,0,0,0,0,0,0,0,0,0,0,NA,0,0,0,0,0,26,33,0.787878787878788,18,24,0.75,9,11,0.818181818181818,0.458333333333333,0.696969696969697,0.151515151515152,0.151515151515152,17,23,0.739130434782609,4,5,0.8,5,5,1,NA,NA,NA,0,0,NA,0,0,NA,0,0,NA,NA,NA,NA,0,0,NA,0,0,NA,0,0,NA,0,0,0,0,0,0,0,0,0,0.625,0.166666666666667,0.208333333333333,10,15,0.666666666666667,3,4,0.75,5,5,1,0.363636363636364,10,12,0.833333333333333,0.666666666666667,0.166666666666667,0.166666666666667,6,8,0.75,2,2,1,2,2,1,0,1,0.947368421052632,0.0416666666666667,0,1,0,0,2,1.89473684210526,0.0606060606060606,0,0,0,0,0,0,NA,8,9,8.52631578947368,0.272727272727273,0.888888888888889,0,0,NA,0,0,0,0,NA,0,0,0,0,0,2,1,1,0.5,0,4,5,1,0,1,0,3,2,2,10,7,9,8,1,2,1.89473684210526,0,3,4,0,0,0,0,NA,0,0,0,NA,0,0,0,0,0,0,0,0,0,0,0,0,0,0,0,0,0,0,0,0,0,NA,0,0,NA,0,0,NA,0,0,NA
"Skroski","SBFC",95,1,0,0,0,NA,0,0,0,0,0,NA,0,0,0,0,0,0,0,0,0,0,0,0,0,0,0,NA,0,0,0,0,0,22,25,0.88,22,25,0.88,8,9,0.888888888888889,0.36,0.56,0.16,0.28,11,14,0.785714285714286,4,4,1,7,7,1,NA,NA,NA,0,0,NA,0,0,NA,0,0,NA,NA,NA,NA,0,0,NA,0,0,NA,0,0,NA,0,0,0,0,0,0,0,0,0,0.56,0.16,0.28,11,14,0.785714285714286,4,4,1,7,7,1,0.36,8,9,0.888888888888889,0.444444444444444,0.111111111111111,0.444444444444444,3,4,0.75,1,1,1,4,4,1,0,0,0,0,NA,0,0,0,1,0.947368421052632,0.04,0,0,0,0,0,0,NA,0,0,0,0,NA,0,0,NA,0,0,0,0,NA,0,0,0,0,0,2,1,1,0.5,2,0,3,0,0,0,NA,3,0,0,8,1,8,4,4,2,1.89473684210526,0,5,5,1,0,0,0,NA,0,0,0,NA,0,0,0,0,0,0,0,0,0,0,0,0,0,0,0,0,0,0,0,0,0,NA,0,0,NA,0,0,NA,0,0,NA
"Smith","BOS",99,1,0,0,0,NA,0,0,0,0,0,NA,0,0,0,0,0,0,0,0,0,0,0,0,0,0,0,NA,0,0,0,0,0,12,32,0.375,4,14,0.285714285714286,2,3,0.666666666666667,0.214285714285714,0.96875,0.03125,0,11,31,0.354838709677419,1,1,1,0,0,NA,NA,NA,NA,0,0,NA,0,0,NA,0,0,NA,NA,NA,NA,0,0,NA,0,0,NA,0,0,NA,0,0,0,0,0,0,0,0,0,1,0,0,4,14,0.285714285714286,0,0,NA,0,0,NA,0.09375,2,3,0.666666666666667,1,0,0,2,3,0.666666666666667,0,0,NA,0,0,NA,0,0,0,0,NA,0,0,5,24,21.8181818181818,0.75,0.208333333333333,0,0,0,0,0,NA,0,0,0,0,NA,0,0,NA,0,0,0,4,0,0,0,0,0,4,0,0,0,NA,0,0,0,0,0,0,NA,0,0,0,0,0,1,1,0,1,0.909090909090909,0,0,0,0,5,1,6,0.166666666666667,1,0,1,1,2,2,0,2,0,0,0,0,1,1,0,1,1,0,0,0,0,1,0,12,32,0.375,5,5,1,3,9,0.333333333333333,0,9,0
"Smith","WNYF",77,1,0,4,4.67532467532468,0.25,1,0,3,0,3,0.75,0,1,0,0,0,0,0,0,0,0,0,0,1,1.16883116883117,0,0,1,0,0,0,0,7,9,0.777777777777778,7,9,0.777777777777778,6,7,0.857142857142857,0.777777777777778,0.222222222222222,0.444444444444444,0.333333333333333,2,2,1,2,4,0.5,3,3,1,NA,NA,NA,0,0,NA,0,0,NA,0,0,NA,NA,NA,NA,0,0,NA,0,0,NA,0,0,NA,0,0,0,0,0,0,0,0,0,0.222222222222222,0.444444444444444,0.333333333333333,2,2,1,2,4,0.5,3,3,1,0.777777777777778,6,7,0.857142857142857,0.142857142857143,0.428571428571429,0.428571428571429,1,1,1,2,3,0.666666666666667,3,3,1,1,2,2.33766233766234,0.222222222222222,0.5,2,0,0,0,0,0,NA,1,1,1.16883116883117,0.111111111111111,0.111111111111111,1,0,0,0,0,NA,0,0,NA,0,0,0,0,NA,0,0,0,0,0,4,3,1,0.75,2,3,6,3,0,3,0,1,0,1,30,2,6,1,5,1,1.16883116883117,0,0,0,0,0,0,0,NA,0,0,0,NA,0,0,0,0,0,0,0,0,0,0,0,0,0,0,0,0,0,0,0,0,0,NA,0,0,NA,0,0,NA,0,0,NA
"Sonnett","PTFC",99,1,0,0,0,NA,0,0,0,0,0,NA,0,0,0,0,0,0,0,0,0,0,0,0,0,0,0,NA,0,0,0,0,0,20,28,0.714285714285714,18,24,0.75,6,7,0.857142857142857,0.291666666666667,0.821428571428571,0.0357142857142857,0.142857142857143,15,23,0.652173913043478,1,1,1,4,4,1,NA,NA,NA,0,0,NA,0,0,NA,0,0,NA,NA,NA,NA,0,0,NA,0,0,NA,0,0,NA,0,0,0,0,0,0,0,0,0,0.791666666666667,0.0416666666666667,0.166666666666667,13,19,0.684210526315789,1,1,1,4,4,1,0.25,6,7,0.857142857142857,0.571428571428571,0,0.428571428571429,3,4,0.75,0,0,NA,3,3,1,0,0,0,0,NA,0,0,4,9,8.18181818181818,0.321428571428571,0.444444444444444,0,1,0.909090909090909,0.0357142857142857,0.0416666666666667,0,0,0,0,0,NA,0,0,NA,0,0,2,4,0.5,0,0,0,0,4,1,1,0,1,0,1,1,7,2,5,0.285714285714286,0,1,0,3,1,4,2,2,1,0.909090909090909,0,4,3,1,0,0,0,NA,0,0,0,NA,0,0,0,0,0,0,0,0,0,0,0,0,0,0,0,0,0,0,0,0,0,NA,0,0,NA,0,0,NA,0,0,NA
"Stanley","SBFC",95,1,0,0,0,NA,0,0,0,0,0,NA,0,0,0,0,0,0,0,0,0,0,0,0,0,0,0,NA,0,0,0,0,0,16,42,0.380952380952381,9,30,0.3,1,1,1,0.0333333333333333,0.952380952380952,0.0476190476190476,0,14,40,0.35,2,2,1,0,0,NA,NA,NA,NA,0,0,NA,0,0,NA,0,0,NA,NA,NA,NA,0,0,NA,0,0,NA,0,0,NA,0,0,0,0,0,0,0,0,0,0.966666666666667,0.0333333333333333,0,8,29,0.275862068965517,1,1,1,0,0,NA,0.0238095238095238,1,1,1,1,0,0,1,1,1,0,0,NA,0,0,NA,0,0,0,0,NA,0,0,4,24,22.7368421052632,0.571428571428571,0.166666666666667,0,0,0,0,0,NA,0,0,0,0,NA,0,0,NA,0,0,1,1,1,0,0,0,0,1,0,0,0,NA,0,0,0,0,0,0,NA,0,0,0,0,0,0,0,0,0,0,0,0,0,0,6,0,6,0,1,1,0,0,4,4,0,2,0,0,0,0,2,2,0,1,1,0,0,0,0,1,0,16,42,0.380952380952381,3,3,1,3,8,0.375,4,18,0.222222222222222
"Stanton","SBFC",19,0,0,0,0,NA,0,0,0,0,0,NA,0,0,0,0,0,0,0,0,0,0,0,0,0,0,0,NA,0,0,0,0,0,5,6,0.833333333333333,5,5,1,4,4,1,0.8,0.833333333333333,0,0.166666666666667,4,5,0.8,0,0,NA,1,1,1,NA,NA,NA,0,0,NA,0,0,NA,0,0,NA,NA,NA,NA,0,0,NA,0,0,NA,0,0,NA,0,0,0,0,0,0,0,0,0,0.8,0,0.2,4,4,1,0,0,NA,1,1,1,0.666666666666667,4,4,1,0.75,0,0.25,3,3,1,0,0,NA,1,1,1,0,0,0,0,NA,0,0,0,0,0,0,NA,0,0,0,0,0,NA,0,1,4.73684210526316,0.166666666666667,0,0,0,NA,0,0,0,0,NA,0,0,0,0,0,0,0,0,NA,0,0,0,2,1,1,0.5,0,0,0,1,0,3,3,0,0,0,0,1,0,0,0,0,0,NA,0,0,0,NA,0,0,0,0,0,0,0,0,0,0,0,0,0,0,0,0,0,0,0,0,0,NA,0,0,NA,0,0,NA,0,0,NA
"Stengel","WAS",33,0,1,1,2.72727272727273,1,0,0,0,0,1,1,0,0,0,0,0,0,0,0,0,0,0,0,0,0,0,NA,0,0,0,0,0,5,8,0.625,5,7,0.714285714285714,5,7,0.714285714285714,1,0.75,0.125,0.125,3,6,0.5,1,1,1,1,1,1,NA,NA,NA,0,0,NA,0,0,NA,0,0,NA,NA,NA,NA,0,0,NA,0,0,NA,0,0,NA,0,0,0,0,0,0,0,0,0,0.714285714285714,0.142857142857143,0.142857142857143,3,5,0.6,1,1,1,1,1,1,0.875,5,7,0.714285714285714,0.714285714285714,0.142857142857143,0.142857142857143,3,5,0.6,1,1,1,1,1,1,0,0,0,0,NA,0,0,0,0,0,0,NA,0,0,0,0,0,NA,0,1,2.72727272727273,0.125,0,0,0,NA,0,0,0,0,NA,0,0,0,0,0,0,0,0,NA,1,1,2,0,0,0,NA,0,0,0,17,1,2,1,1,0,0,0,0,0,0,0,0,0,NA,0,0,0,NA,0,0,0,0,0,0,0,0,0,0,0,0,0,0,0,0,0,0,0,0,0,NA,0,0,NA,0,0,NA,0,0,NA
"Ubogagu","HOU",81,1,0,2,2.22222222222222,0,0,0,2,0,0,0,0,0,0,1,0,0,0,1,0,0,0,1.11111111111111,0,0,0,NA,0,0,0,0,0,21,26,0.807692307692308,20,25,0.8,12,13,0.923076923076923,0.52,0.307692307692308,0.384615384615385,0.307692307692308,5,8,0.625,9,10,0.9,7,8,0.875,NA,NA,NA,0,0,NA,0,0,NA,0,0,NA,NA,NA,NA,0,0,NA,0,0,NA,0,0,NA,0,0,0,0,0,0,0,0,0,0.32,0.36,0.32,5,8,0.625,8,9,0.888888888888889,7,8,0.875,0.5,12,13,0.923076923076923,0.230769230769231,0.384615384615385,0.384615384615385,2,3,0.666666666666667,5,5,1,5,5,1,1,1,1.11111111111111,0.04,1,1,0,0,0,0,0,NA,1,3,3.33333333333333,0.115384615384615,0.12,0.333333333333333,1,1,1.11111111111111,0.0384615384615385,1,0,0,NA,0,0,0,0,NA,0,0,1,0,1,4,3,1,0.75,2,3,6,0,0,0,NA,1,0,1,18,3,9,3,6,1,1.11111111111111,0,0,0,0,0,0,0,NA,0,0,0,NA,0,0,0,0,0,0,0,0,0,0,0,0,0,0,0,0,0,0,0,0,0,NA,0,0,NA,0,0,NA,0,0,NA
"Weber","PTFC",3,0,0,0,0,NA,0,0,0,0,0,NA,0,0,0,0,0,0,0,0,0,0,0,0,0,0,0,NA,0,0,0,0,0,0,0,NA,0,0,NA,0,0,NA,NA,NA,NA,NA,0,0,NA,0,0,NA,0,0,NA,NA,NA,NA,0,0,NA,0,0,NA,0,0,NA,NA,NA,NA,0,0,NA,0,0,NA,0,0,NA,0,0,0,0,0,0,0,0,0,NA,NA,NA,0,0,NA,0,0,NA,0,0,NA,NA,0,0,NA,NA,NA,NA,0,0,NA,0,0,NA,0,0,NA,0,0,0,NA,NA,0,0,0,0,0,NA,NA,0,0,0,NA,NA,NA,0,0,0,NA,NA,0,0,NA,0,0,0,0,NA,0,0,0,0,0,0,0,0,NA,0,0,0,0,0,0,NA,0,0,0,0,0,0,0,0,0,0,0,0,0,0,0,0,0,NA,0,0,0,NA,0,0,0,0,0,0,0,0,0,0,0,0,0,0,0,0,0,0,0,0,0,NA,0,0,NA,0,0,NA,0,0,NA
"Williams","HOU",95,1,0,0,0,NA,0,0,0,0,0,NA,0,0,0,0,0,0,0,0,0,0,0,0,0,0,0,NA,0,0,0,0,0,40,44,0.909090909090909,36,40,0.9,1,1,1,0.025,0.909090909090909,0.0909090909090909,0,36,40,0.9,4,4,1,0,0,NA,NA,NA,NA,0,0,NA,0,0,NA,0,0,NA,NA,NA,NA,0,0,NA,0,0,NA,0,0,NA,0,0,0,0,0,0,0,0,0,0.95,0.05,0,34,38,0.894736842105263,2,2,1,0,0,NA,0.0227272727272727,1,1,1,1,0,0,1,1,1,0,0,NA,0,0,NA,0,0,0,0,NA,0,0,3,7,6.63157894736842,0.159090909090909,0.428571428571429,0,0,0,0,0,NA,0,0,0,0,NA,0,0,NA,0,0,0,0,NA,0,0,0,0,0,0,0,0,NA,0,0,0,0,0,0,NA,0,0,0,0,0,1,1,0,0,0,0,0,0,0,1,0,1,0,0,0,0,NA,2,1,1,0,0,0,0,0,0,0,0,1,0,1,0,0,0,0,0,40,44,0.909090909090909,3,3,1,1,1,1,9,9,1
"Wood","BOS",13,0,0,0,0,NA,0,0,0,0,0,NA,0,0,0,0,0,0,0,0,0,0,0,0,0,0,0,NA,0,0,0,0,0,0,2,0,0,2,0,0,2,0,1,1,0,0,0,2,0,0,0,NA,0,0,NA,NA,NA,NA,0,0,NA,0,0,NA,0,0,NA,NA,NA,NA,0,0,NA,0,0,NA,0,0,NA,0,0,0,0,0,0,0,0,0,1,0,0,0,2,0,0,0,NA,0,0,NA,1,0,2,0,1,0,0,0,2,0,0,0,NA,0,0,NA,0,0,0,0,NA,0,0,0,0,0,0,NA,0,1,6.92307692307692,0.5,0.5,0,0,0,0,0,NA,0,0,NA,0,0,0,0,NA,0,0,0,0,0,1,1,0,1,0,0,0,6,5,1,0.833333333333333,1,0,0,1,1,4,2,2,0,0,0,0,0,0,0,0,0,NA,0,0,0,NA,0,0,0,0,0,0,0,0,0,0,0,0,0,0,0,0,0,0,0,0,0,NA,0,0,NA,0,0,NA,0,0,NA
"Zadorsky","WAS",94,1,0,0,0,NA,0,0,0,0,0,NA,0,0,0,0,0,0,0,0,0,0,0,0,0,0,0,NA,0,0,0,0,0,23,27,0.851851851851852,23,27,0.851851851851852,14,16,0.875,0.592592592592593,0.407407407407407,0.222222222222222,0.37037037037037,7,11,0.636363636363636,6,6,1,10,10,1,NA,NA,NA,0,0,NA,0,0,NA,0,0,NA,NA,NA,NA,0,0,NA,0,0,NA,0,0,NA,0,0,0,0,0,0,0,0,0,0.407407407407407,0.222222222222222,0.37037037037037,7,11,0.636363636363636,6,6,1,10,10,1,0.592592592592593,14,16,0.875,0.3125,0.1875,0.5,3,5,0.6,3,3,1,8,8,1,0,0,0,0,NA,0,0,1,1,0.957446808510638,0.037037037037037,1,1,2,1.91489361702128,0.0740740740740741,0.0740740740740741,0.5,0,0,0,0,NA,0,0,NA,0,0,0,0,NA,0,0,0,0,0,0,0,0,NA,0,0,0,0,0,0,NA,1,0,0,4,1,8,8,0,3,2.87234042553191,0,3,8,0,0,0,0,NA,0,0,0,NA,0,0,0,0,0,0,0,0,0,0,0,0,0,0,0,0,0,0,0,0,0,NA,0,0,NA,0,0,NA,0,0,NA
"Zerboni","BOS",99,1,0,3,2.72727272727273,0.333333333333333,1,0,2,0,2,0.666666666666667,0,0,0,0,0,0,0,0,0,0,0,0,0,0,0,NA,0,0,0,0,0,30,35,0.857142857142857,30,34,0.882352941176471,22,24,0.916666666666667,0.705882352941177,0.428571428571429,0.314285714285714,0.257142857142857,11,15,0.733333333333333,10,11,0.909090909090909,9,9,1,NA,NA,NA,0,0,NA,0,0,NA,0,0,NA,NA,NA,NA,0,0,NA,0,0,NA,0,0,NA,0,0,0,0,0,0,0,0,0,0.411764705882353,0.323529411764706,0.264705882352941,11,14,0.785714285714286,10,11,0.909090909090909,9,9,1,0.685714285714286,22,24,0.916666666666667,0.333333333333333,0.375,0.291666666666667,7,8,0.875,8,9,0.888888888888889,7,7,1,0,0,0,0,NA,0,0,0,0,0,0,NA,1,3,2.72727272727273,0.0857142857142857,0.0882352941176471,0.333333333333333,0,0,0,0,NA,0,0,NA,0,0,0,1,0,0,0,0,0,1,9,6,3,0.666666666666667,1,1,5,9,4,5,0.444444444444444,5,2,0,32,6,14,7,7,2,1.81818181818182,0,2,2,0,0,0,0,NA,0,0,0,NA,0,0,0,0,0,0,0,0,0,0,0,0,0,0,0,0,0,0,0,0,0,NA,0,0,NA,0,0,NA,0,0,NA
