"Player","Team","MP","GS","Goals","Shots","Shot.Accuracy","Shot.GK.Stop","Shot.Def.Stop","Shot.Miss","Shot.Pressd","Pct.Shots.Pressd","A6.Shots","A18.Shots","A3L.Shots","A3C.Shots","A3R.Shots","Far.Shots","Assists","Key.Passes","KP.to.Goal","Key.Assists","X2nd.Assists","Unscored.Key.Passes","KP.Goal","Big.Chances","BC.Scored","BC.to.Goal","BC.SOG","BC.Shot.Miss","BC.Dispossess","BC.Created","BC.Lost","Cross.Comp","Cross.Comp.Pct","Cross.Att","Corner.Crosses","Deep.Crosses","Launch.Comp","Launch.Comp.Pct","Launch.Att","Through.Comp","Through.Comp.Pct","Through.Att","Throw.In.Comp","Throw.In.Comp.Pct","Throw.In.Att","Corner.Kicks.Completed","CK.Effectiveness","Corner.Kicks.Taken","CK.Assist","CK.Key.Pass","FK.Pass.Comp","FK.Pass.Comp.Pct","FK.Pass.Att","FK.Assist","FK.Key.Pass","FK.Shot","FK.Scored","Free.Kicks.Taken","Pass.Comp","Pass.Comp.Pct","Pass.Att","opPass.Comp","opPass.Comp.Pct","opPass.Att","opPPass.Comp","opPPass.Comp.Pct","opPPass.Att","Pct.opPass.Pressd","rFreq.Pass.Fwd","rFreq.Pass.Side","rFreq.Pass.Back","fwPass.Comp","fwPass.Att","fwPass.Comp.Pct","sPass.Comp","sPass.Att","sPass.Comp.Pct","bPass.Comp","bPass.Att","bPass.Comp.Pct","Pct.Pass.Pressd","PPass.Comp","PPass.Comp.Pct","PPass.Att","rFreq.PPass.Fwd","rFreq.PPass.Side","rFreq.PPass.Back","fwPPass.Comp","fwPPass.Att","fwPPass.Comp.Pct","sPPass.Comp","sPPass.Att","sPPass.Comp.Pct","bPPass.Comp","bPPass.Att","bPPass.Comp.Pct","TO.Won","TO.Win.Pct","Take.Ons","TO.Lost","Dispossessed","Lost.Touches","AD.Won","AD.Win.Pct","Aerial.Duels","AD.Lost","Tackles","Dispossesses","Dribbled","Press.Opp","Challenge.Opp","Recoveries","Def.Recoveries","Poss.Recoveries","Interceptions","Blocks","Clearances","Balls.Shields","Saves","Goals.Allowed","SOG.Faced","GperSOG","BC.SOG.Faced","BC.Saves","BC.Goals.Allowed","GperBCSOG","High.Balls","HB.Won","HB.Lost","HB.Caught","HB.Punched","HB.Parried","HB.Collected","HB.Fouls.Won","Crosses","Crosses.Won","Crosses.Lost","Corner.Kicks","CKs.Won","CKs.Lost","Free.Kicks","FKs.Won","FKs.Lost","Smothers.Won","Smothers.Lost","All.Pass.Comp","Distribution.Success","All.Pass.Att","Throw.Comp","Throw.Comp.Pct","Throw.Att","Drop.Kick.Comp","Drop.Kick.Comp.Pct","Drop.Kick.Att","GK.FK.Comp","GK.FK.Comp.Pct","GK.FK.Att"
"Anonma","PTFC",35,0,0,0,NA,0,0,0,0,NA,0,0,0,0,0,0,0,0,NA,0,0,0,0,0,0,NA,0,0,0,0,0,0,0,1,1,0,0,NA,0,0,NA,0,0,NA,0,0,NA,0,0,0,0,NA,0,0,0,0,0,0,4,0.666666666666667,6,4,0.666666666666667,6,4,1,4,0.666666666666667,0.333333333333333,0.666666666666667,0,2,2,1,2,4,0.5,0,0,NA,0.666666666666667,4,1,4,0.5,0.5,0,2,2,1,2,2,1,0,0,NA,0,NA,0,0,0,2,1,0.5,2,1,1,0,0,10,5,1,0,1,0,0,0,0,0,0,0,NA,0,0,0,NA,0,0,0,0,0,0,0,0,0,0,0,0,0,0,0,0,0,0,0,0,NA,0,0,NA,0,0,NA,0,0,NA,0
"Averbuch","FCKC",31,0,0,0,NA,0,0,0,0,NA,0,0,0,0,0,0,0,0,NA,0,0,0,0,0,0,NA,0,0,0,0,0,0,NA,0,0,0,0,NA,0,0,NA,0,0,NA,0,0,NA,0,0,0,0,NA,0,0,0,0,0,0,22,0.916666666666667,24,22,0.916666666666667,24,7,0.875,8,0.333333333333333,0.583333333333333,0.291666666666667,0.125,13,14,0.928571428571429,6,7,0.857142857142857,3,3,1,0.333333333333333,7,0.875,8,0.5,0.375,0.125,3,4,0.75,3,3,1,1,1,1,0,0,1,1,0,0,1,0.5,2,1,2,0,0,5,7,1,1,0,1,0,0,0,0,0,0,NA,0,0,0,NA,0,0,0,0,0,0,0,0,0,0,0,0,0,0,0,0,0,0,0,0,NA,0,0,NA,0,0,NA,0,0,NA,0
"Barnes","SRFC",192,2,0,0,NA,0,0,0,0,NA,0,0,0,0,0,0,0,0,NA,0,0,0,0,0,0,NA,0,0,0,0,0,0,NA,0,0,0,1,0.166666666666667,6,0,NA,0,0,NA,0,0,NA,0,0,0,0,NA,0,0,0,0,0,0,56,0.848484848484849,66,56,0.848484848484849,66,14,0.933333333333333,15,0.227272727272727,0.696969696969697,0.181818181818182,0.121212121212121,37,46,0.804347826086957,11,12,0.916666666666667,8,8,1,0.227272727272727,14,0.933333333333333,15,0.733333333333333,0.133333333333333,0.133333333333333,10,11,0.909090909090909,2,2,1,2,2,1,0,0,1,1,0,0,3,0.375,8,5,0,0,0,4,12,8,8,0,3,5,7,2,0,0,0,NA,0,0,0,NA,0,0,0,0,0,0,0,0,0,0,0,0,0,0,0,0,0,0,0,0,NA,0,0,NA,0,0,NA,0,0,NA,0
"Barnhart","FCKC",93,1,0,0,NA,0,0,0,0,NA,0,0,0,0,0,0,0,0,NA,0,0,0,0,0,0,NA,0,0,0,0,0,0,NA,0,0,0,1,0.25,4,0,NA,0,0,NA,0,0,NA,0,0,0,2,1,2,0,0,0,0,2,14,0.4375,32,8,0.380952380952381,21,1,1,1,0.0476190476190476,0.90625,0.09375,0,11,29,0.379310344827586,3,3,1,0,0,NA,0.03125,1,1,1,0,1,0,0,0,NA,1,1,1,0,0,NA,0,NA,0,0,0,0,0,NA,0,0,0,0,0,0,0,0,0,0,0,0,0,0,7,0,7,0,0,0,0,NA,6,5,1,4,0,0,0,0,1,1,0,2,1,1,1,1,0,0,0,14,0.4375,32,4,0.666666666666667,6,0,0,3,7,0.466666666666667,15
"Betos","PTFC",97,1,0,0,NA,0,0,0,0,NA,0,0,0,0,0,0,0,0,NA,0,0,0,0,0,0,NA,0,0,0,0,0,0,NA,0,0,0,3,0.6,5,0,NA,0,0,NA,0,0,NA,0,0,0,2,0.666666666666667,3,0,0,0,0,3,17,0.80952380952381,21,13,0.866666666666667,15,0,NA,0,0,1,0,0,17,21,0.80952380952381,0,0,NA,0,0,NA,0,0,NA,0,NA,NA,NA,0,0,NA,0,0,NA,0,0,NA,0,NA,0,0,0,0,0,NA,0,0,0,0,0,0,0,0,0,0,0,0,0,0,2,1,3,0.333333333333333,1,0,1,1,5,4,1,2,2,0,0,0,2,1,1,2,2,0,1,1,0,0,0,17,0.80952380952381,21,2,1,2,0,0,1,10,0.769230769230769,13
"Brown","FCKC",93,1,0,0,NA,0,0,0,0,NA,0,0,0,0,0,0,0,0,NA,0,0,0,0,0,0,NA,0,0,0,0,0,0,0,2,2,0,0,NA,0,0,0,1,5,0.833333333333333,6,0,NA,0,0,0,0,NA,0,0,0,0,0,0,43,0.843137254901961,51,38,0.844444444444444,45,17,0.80952380952381,21,0.466666666666667,0.509803921568627,0.254901960784314,0.235294117647059,20,26,0.769230769230769,11,13,0.846153846153846,12,12,1,0.411764705882353,17,0.80952380952381,21,0.333333333333333,0.285714285714286,0.380952380952381,5,7,0.714285714285714,4,6,0.666666666666667,8,8,1,1,0.25,4,3,0,0,1,0.5,2,1,3,0,1,5,4,5,2,3,0,1,1,0,0,0,0,NA,0,0,0,NA,0,0,0,0,0,0,0,0,0,0,0,0,0,0,0,0,0,0,0,0,NA,0,0,NA,0,0,NA,0,0,NA,0
"Buczkowski","FCKC",93,1,0,1,0,0,0,1,0,0,0,0,0,1,0,0,0,0,NA,0,0,0,0,0,0,NA,0,0,0,0,0,0,NA,0,0,0,0,NA,0,0,NA,0,0,NA,0,0,NA,0,0,0,0,NA,0,0,0,0,0,0,55,0.887096774193548,62,55,0.887096774193548,62,26,1,26,0.419354838709677,0.451612903225806,0.258064516129032,0.290322580645161,22,28,0.785714285714286,16,16,1,17,18,0.944444444444444,0.419354838709677,26,1,26,0.384615384615385,0.269230769230769,0.346153846153846,10,10,1,7,7,1,9,9,1,0,0,1,1,0,0,0,NA,0,0,3,0,2,10,7,8,5,3,2,4,0,0,0,0,0,NA,0,0,0,NA,0,0,0,0,0,0,0,0,0,0,0,0,0,0,0,0,0,0,0,0,NA,0,0,NA,0,0,NA,0,0,NA,0
"Bullock","SRFC",20,0,1,1,1,0,0,0,1,1,0,1,0,0,0,0,0,0,NA,0,0,0,0,0,0,NA,0,0,0,0,0,0,NA,0,0,0,0,NA,0,0,NA,0,0,NA,0,0,NA,0,0,0,0,NA,0,0,0,0,0,0,7,0.875,8,7,0.875,8,1,1,1,0.125,0.625,0,0.375,4,5,0.8,0,0,NA,3,3,1,0.125,1,1,1,1,0,0,1,1,1,0,0,NA,0,0,NA,0,NA,0,0,0,0,0,NA,0,0,0,0,0,2,0,4,3,1,1,1,2,0,0,0,0,NA,0,0,0,NA,0,0,0,0,0,0,0,0,0,0,0,0,0,0,0,0,0,0,0,0,NA,0,0,NA,0,0,NA,0,0,NA,0
"Catley","PTFC",97,1,0,0,NA,0,0,0,0,NA,0,0,0,0,0,0,0,0,NA,0,0,0,0,0,0,NA,0,0,0,0,0,1,0.333333333333333,3,3,0,1,0.5,2,0,0,1,7,1,7,0,NA,0,0,0,0,NA,0,0,0,0,0,0,47,0.886792452830189,53,40,0.869565217391304,46,26,0.896551724137931,29,0.630434782608696,0.528301886792453,0.207547169811321,0.264150943396226,23,28,0.821428571428571,10,11,0.909090909090909,14,14,1,0.547169811320755,26,0.896551724137931,29,0.517241379310345,0.206896551724138,0.275862068965517,13,15,0.866666666666667,5,6,0.833333333333333,8,8,1,0,0,2,2,1,1,1,0.25,4,3,5,0,1,8,8,5,4,1,2,3,2,0,0,0,0,NA,0,0,0,NA,0,0,0,0,0,0,0,0,0,0,0,0,0,0,0,0,0,0,0,0,NA,0,0,NA,0,0,NA,0,0,NA,0
"Chalupny","CRS",93,1,0,2,1,2,0,0,0,0,0,0,1,1,0,0,0,0,NA,0,0,0,0,0,0,NA,0,0,0,0,0,1,0.333333333333333,3,3,0,0,0,1,1,0.5,2,0,NA,0,0,NA,0,0,0,0,NA,0,0,0,0,0,0,35,0.795454545454545,44,35,0.795454545454545,44,15,0.789473684210526,19,0.431818181818182,0.340909090909091,0.227272727272727,0.431818181818182,9,15,0.6,8,10,0.8,18,19,0.947368421052632,0.431818181818182,15,0.789473684210526,19,0.263157894736842,0.210526315789474,0.526315789473684,3,5,0.6,3,4,0.75,9,10,0.9,5,0.714285714285714,7,2,1,2,2,1,2,0,2,0,1,29,10,13,8,5,1,3,0,1,0,0,0,NA,0,0,0,NA,0,0,0,0,0,0,0,0,0,0,0,0,0,0,0,0,0,0,0,0,NA,0,0,NA,0,0,NA,0,0,NA,0
"Church","WAS",95,1,0,0,NA,0,0,0,0,NA,0,0,0,0,0,0,0,0,NA,0,0,0,0,0,0,NA,0,0,0,0,0,1,0.25,4,2,2,0,NA,0,0,NA,0,3,0.6,5,0,NA,0,0,0,0,NA,0,0,0,0,0,0,29,0.783783783783784,37,26,0.8125,32,14,0.875,16,0.5,0.513513513513513,0.216216216216216,0.27027027027027,14,19,0.736842105263158,6,8,0.75,9,10,0.9,0.432432432432432,14,0.875,16,0.5625,0.1875,0.25,8,9,0.888888888888889,2,3,0.666666666666667,4,4,1,0,0,1,1,0,1,1,1,1,0,2,0,2,12,11,6,3,2,1,4,4,0,0,0,0,NA,0,0,0,NA,0,0,0,0,0,0,0,0,0,0,0,0,0,0,0,0,0,0,0,0,NA,0,0,NA,0,0,NA,0,0,NA,0
"Colaprico","CRS",93,1,0,0,NA,0,0,0,0,NA,0,0,0,0,0,0,0,0,NA,0,0,0,0,0,0,NA,0,0,0,0,0,1,1,1,1,0,0,0,2,0,NA,0,0,NA,0,1,0.333333333333333,3,0,0,2,1,2,0,0,0,0,2,36,0.75,48,33,0.767441860465116,43,10,0.833333333333333,12,0.27906976744186,0.625,0.208333333333333,0.166666666666667,20,30,0.666666666666667,8,10,0.8,8,8,1,0.25,10,0.833333333333333,12,0.833333333333333,0.0833333333333333,0.0833333333333333,8,10,0.8,1,1,1,1,1,1,2,1,2,0,1,1,1,0.333333333333333,3,2,2,0,0,7,13,7,6,1,8,1,1,0,0,0,0,NA,0,0,0,NA,0,0,0,0,0,0,0,0,0,0,0,0,0,0,0,0,0,0,0,0,NA,0,0,NA,0,0,NA,0,0,NA,0
"Corsie","SRFC",192,2,0,0,NA,0,0,0,0,NA,0,0,0,0,0,0,0,0,NA,0,0,0,0,0,0,NA,0,0,0,0,0,0,NA,0,0,0,1,0.25,4,0,NA,0,0,NA,0,0,NA,0,0,0,2,1,2,0,0,0,0,2,56,0.903225806451613,62,54,0.9,60,13,0.928571428571429,14,0.233333333333333,0.645161290322581,0.193548387096774,0.161290322580645,34,40,0.85,12,12,1,10,10,1,0.225806451612903,13,0.928571428571429,14,0.642857142857143,0.142857142857143,0.214285714285714,8,9,0.888888888888889,2,2,1,3,3,1,0,0,1,1,1,0,2,0.5,4,2,4,0,0,2,9,5,4,1,11,5,14,2,0,0,0,NA,0,0,0,NA,0,0,0,0,0,0,0,0,0,0,0,0,0,0,0,0,0,0,0,0,NA,0,0,NA,0,0,NA,0,0,NA,0
"Cox","SRFC",192,2,0,1,1,1,0,0,1,1,0,1,0,0,0,0,0,0,NA,0,0,0,0,0,0,NA,0,0,0,0,0,1,0.333333333333333,3,3,0,5,0.384615384615385,13,0,NA,0,14,0.823529411764706,17,1,0.142857142857143,7,0,0,0,0,3,0,0,0,0,3,85,0.714285714285714,119,69,0.758241758241758,91,25,0.675675675675676,37,0.406593406593407,0.647058823529412,0.159663865546218,0.19327731092437,54,77,0.701298701298701,10,19,0.526315789473684,21,23,0.91304347826087,0.319327731092437,26,0.684210526315789,38,0.657894736842105,0.105263157894737,0.236842105263158,16,25,0.64,3,4,0.75,7,9,0.777777777777778,1,1,1,0,0,0,5,0.833333333333333,6,1,2,0,3,21,13,12,6,6,3,8,3,0,0,0,0,NA,0,0,0,NA,0,0,0,0,0,0,0,0,0,0,0,0,0,0,0,0,0,0,0,0,NA,0,0,NA,0,0,NA,0,0,NA,0
"DaCosta","WAS",49,0,0,0,NA,0,0,0,0,NA,0,0,0,0,0,0,0,0,NA,0,0,0,0,0,0,NA,0,0,0,0,0,0,NA,0,0,0,0,NA,0,0,NA,0,0,NA,0,0,NA,0,0,0,0,NA,0,0,0,0,0,0,18,0.9,20,18,0.9,20,11,0.846153846153846,13,0.65,0.35,0.15,0.5,5,7,0.714285714285714,3,3,1,10,10,1,0.65,11,0.846153846153846,13,0.384615384615385,0.153846153846154,0.461538461538462,3,5,0.6,2,2,1,6,6,1,1,1,1,0,0,0,0,0,2,2,0,0,0,4,8,2,1,1,1,1,1,0,0,0,0,NA,0,0,0,NA,0,0,0,0,0,0,0,0,0,0,0,0,0,0,0,0,0,0,0,0,NA,0,0,NA,0,0,NA,0,0,NA,0
"Dallstream","SRFC",7,0,0,0,NA,0,0,0,0,NA,0,0,0,0,0,0,0,0,NA,0,0,0,0,0,0,NA,0,0,0,0,0,0,NA,0,0,0,0,NA,0,0,NA,0,0,NA,0,0,NA,0,0,0,0,NA,0,0,0,0,0,0,2,0.666666666666667,3,2,0.666666666666667,3,1,1,1,0.333333333333333,0.666666666666667,0,0.333333333333333,1,2,0.5,0,0,NA,1,1,1,0.333333333333333,1,1,1,1,0,0,1,1,1,0,0,NA,0,0,NA,0,0,1,1,0,0,0,0,1,1,1,0,0,3,2,3,1,2,0,0,0,0,0,0,0,NA,0,0,0,NA,0,0,0,0,0,0,0,0,0,0,0,0,0,0,0,0,0,0,0,0,NA,0,0,NA,0,0,NA,0,0,NA,0
"Dalton","CRS",93,1,0,0,NA,0,0,0,0,NA,0,0,0,0,0,0,0,0,NA,0,0,0,0,0,0,NA,0,0,0,0,0,0,NA,0,0,0,2,0.4,5,1,1,1,0,NA,0,0,NA,0,0,0,0,NA,0,0,0,0,0,0,22,0.814814814814815,27,15,0.833333333333333,18,1,1,1,0.0555555555555556,0.962962962962963,0.037037037037037,0,21,26,0.807692307692308,1,1,1,0,0,NA,0.037037037037037,1,1,1,1,0,0,1,1,1,0,0,NA,0,0,NA,0,0,1,1,0,0,0,NA,0,0,0,0,0,0,0,5,4,1,0,0,0,0,5,3,8,0.375,4,2,2,0.5,3,3,0,1,0,0,2,0,3,3,0,0,0,0,0,0,0,1,1,22,0.814814814814815,27,6,1,6,1,0.333333333333333,3,2,1,2
"DiBernardo","CRS",93,1,0,1,0,0,0,1,1,1,0,0,0,1,0,0,0,0,NA,0,0,0,0,0,0,NA,0,0,0,0,0,0,0,2,1,1,2,0.666666666666667,3,0,NA,0,1,1,1,2,0.666666666666667,3,0,0,0,0,3,0,0,0,0,3,31,0.720930232558139,43,28,0.777777777777778,36,14,0.875,16,0.444444444444444,0.651162790697674,0.209302325581395,0.13953488372093,19,28,0.678571428571429,7,9,0.777777777777778,5,6,0.833333333333333,0.372093023255814,14,0.875,16,0.625,0.1875,0.1875,8,10,0.8,3,3,1,3,3,1,2,0.666666666666667,3,1,0,1,0,0,2,2,3,0,2,20,7,6,4,2,2,4,0,0,0,0,0,NA,0,0,0,NA,0,0,0,0,0,0,0,0,0,0,0,0,0,0,0,0,0,0,0,0,NA,0,0,NA,0,0,NA,0,0,NA,0
"Dunn","WAS",95,1,0,3,0.666666666666667,2,0,1,2,0.666666666666667,0,1,0,1,1,0,0,0,NA,0,0,0,0,0,0,NA,0,0,0,0,0,0,0,2,3,0,0,NA,0,0,0,2,0,NA,0,0,NA,0,0,0,0,NA,0,0,0,0,0,0,18,0.580645161290323,31,18,0.580645161290323,31,13,0.684210526315789,19,0.612903225806452,0.483870967741935,0.290322580645161,0.225806451612903,6,15,0.4,7,9,0.777777777777778,5,7,0.714285714285714,0.612903225806452,13,0.684210526315789,19,0.368421052631579,0.368421052631579,0.263157894736842,4,7,0.571428571428571,5,7,0.714285714285714,4,5,0.8,3,0.75,4,1,3,5,4,0.444444444444444,9,5,2,0,0,18,14,6,1,5,1,3,0,0,0,0,0,NA,0,0,0,NA,0,0,0,0,0,0,0,0,0,0,0,0,0,0,0,0,0,0,0,0,NA,0,0,NA,0,0,NA,0,0,NA,0
"Erceg","CRS",47,1,0,0,NA,0,0,0,0,NA,0,0,0,0,0,0,0,0,NA,0,0,0,0,0,0,NA,0,0,0,0,0,0,NA,0,0,0,0,0,1,0,NA,0,0,NA,0,0,NA,0,0,0,0,NA,0,0,0,0,0,0,19,0.863636363636364,22,19,0.863636363636364,22,2,1,2,0.0909090909090909,0.727272727272727,0.136363636363636,0.136363636363636,14,16,0.875,2,3,0.666666666666667,3,3,1,0.0909090909090909,2,1,2,0.5,0,0.5,1,1,1,0,0,NA,1,1,1,0,NA,0,0,0,0,0,0,1,1,1,0,1,3,2,2,2,0,0,2,2,1,0,0,0,NA,0,0,0,NA,0,0,0,0,0,0,0,0,0,0,0,0,0,0,0,0,0,0,0,0,NA,0,0,NA,0,0,NA,0,0,NA,0
"Farrelly","PTFC",97,1,0,0,NA,0,0,0,0,NA,0,0,0,0,0,0,0,0,NA,0,0,0,0,0,0,NA,0,0,0,0,0,0,0,2,1,1,2,0.5,4,0,0,2,3,1,3,0,NA,0,0,0,0,NA,0,0,0,0,0,0,50,0.735294117647059,68,47,0.723076923076923,65,30,0.769230769230769,39,0.6,0.558823529411765,0.176470588235294,0.264705882352941,25,38,0.657894736842105,11,12,0.916666666666667,14,18,0.777777777777778,0.573529411764706,30,0.769230769230769,39,0.435897435897436,0.205128205128205,0.358974358974359,13,17,0.764705882352941,7,8,0.875,10,14,0.714285714285714,2,0.666666666666667,3,1,4,1,2,1,2,0,3,0,1,40,4,10,5,5,2,1,3,0,0,0,0,NA,0,0,0,NA,0,0,0,0,0,0,0,0,0,0,0,0,0,0,0,0,0,0,0,0,NA,0,0,NA,0,0,NA,0,0,NA,0
"Fishlock","SRFC",192,2,0,2,0,0,0,2,0,0,1,0,0,1,0,0,0,0,NA,0,0,0,0,0,0,NA,0,0,0,0,0,1,1,1,1,0,5,0.5,10,0,0,2,0,NA,0,0,NA,0,0,0,2,0.666666666666667,3,0,0,0,0,3,55,0.774647887323944,71,53,0.779411764705882,68,26,0.838709677419355,31,0.455882352941176,0.605633802816901,0.23943661971831,0.154929577464789,28,43,0.651162790697674,16,17,0.941176470588235,11,11,1,0.436619718309859,26,0.838709677419355,31,0.612903225806452,0.258064516129032,0.129032258064516,14,19,0.736842105263158,8,8,1,4,4,1,3,0.6,5,2,2,2,6,0.666666666666667,9,3,4,0,1,53,23,13,10,3,6,7,9,1,0,0,0,NA,0,0,0,NA,0,0,0,0,0,0,0,0,0,0,0,0,0,0,0,0,0,0,0,0,NA,0,0,NA,0,0,NA,0,0,NA,0
"Fletcher","SRFC",183,2,0,0,NA,0,0,0,0,NA,0,0,0,0,0,0,0,0,NA,0,0,0,0,0,0,NA,0,0,0,0,0,1,0.25,4,4,0,1,0.2,5,0,NA,0,18,0.782608695652174,23,2,1,2,0,0,0,NA,0,0,0,0,0,0,88,0.778761061946903,113,68,0.772727272727273,88,23,0.657142857142857,35,0.397727272727273,0.716814159292035,0.132743362831858,0.150442477876106,56,81,0.691358024691358,15,15,1,17,17,1,0.309734513274336,23,0.657142857142857,35,0.714285714285714,0.114285714285714,0.171428571428571,13,25,0.52,4,4,1,6,6,1,1,0.333333333333333,3,2,0,0,3,0.6,5,2,1,0,2,29,11,13,12,1,7,6,1,1,0,0,0,NA,0,0,0,NA,0,0,0,0,0,0,0,0,0,0,0,0,0,0,0,0,0,0,0,0,NA,0,0,NA,0,0,NA,0,0,NA,0
"Gilliland","CRS",93,1,0,0,NA,0,0,0,0,NA,0,0,0,0,0,0,0,0,NA,0,0,0,0,0,0,NA,0,0,0,0,0,0,NA,0,0,0,0,0,2,0,NA,0,6,0.6,10,0,NA,0,0,0,1,1,1,0,0,0,0,1,25,0.735294117647059,34,18,0.782608695652174,23,6,0.857142857142857,7,0.304347826086957,0.529411764705882,0.147058823529412,0.323529411764706,11,18,0.611111111111111,3,5,0.6,11,11,1,0.205882352941176,6,0.857142857142857,7,0.285714285714286,0,0.714285714285714,1,2,0.5,0,0,NA,5,5,1,0,0,6,6,0,3,0,0,1,1,0,0,1,22,8,5,2,3,1,3,1,0,0,0,0,NA,0,0,0,NA,0,0,0,0,0,0,0,0,0,0,0,0,0,0,0,0,0,0,0,0,NA,0,0,NA,0,0,NA,0,0,NA,0
"Groom","FCKC",5,0,0,0,NA,0,0,0,0,NA,0,0,0,0,0,0,0,0,NA,0,0,0,0,0,0,NA,0,0,0,0,0,0,NA,0,0,0,0,NA,0,0,NA,0,0,NA,0,0,NA,0,0,0,0,NA,0,0,0,0,0,0,2,1,2,2,1,2,1,1,1,0.5,0,1,0,0,0,NA,2,2,1,0,0,NA,0.5,1,1,1,0,1,0,0,0,NA,1,1,1,0,0,NA,0,NA,0,0,0,0,0,NA,0,0,0,0,0,0,0,1,0,1,0,0,0,0,0,0,0,NA,0,0,0,NA,0,0,0,0,0,0,0,0,0,0,0,0,0,0,0,0,0,0,0,0,NA,0,0,NA,0,0,NA,0,0,NA,0
"Harris","WAS",95,1,0,0,NA,0,0,0,0,NA,0,0,0,0,0,0,0,0,NA,0,0,0,0,0,0,NA,0,0,0,0,0,0,NA,0,0,0,0,0,2,0,NA,0,0,NA,0,0,NA,0,0,0,1,1,1,0,0,0,0,1,18,0.692307692307692,26,10,0.588235294117647,17,0,0,1,0.0588235294117647,0.923076923076923,0.0769230769230769,0,16,24,0.666666666666667,2,2,1,0,0,NA,0.0384615384615385,0,0,1,1,0,0,0,1,0,0,0,NA,0,0,NA,0,NA,0,0,0,0,0,NA,0,0,0,0,0,0,0,0,0,0,0,0,0,0,5,3,8,0.375,2,1,1,0.5,7,7,0,2,1,2,0,0,2,2,0,3,3,0,0,0,0,2,0,18,0.692307692307692,26,7,1,7,0,0,1,2,0.25,8
"Heath","PTFC",97,1,0,0,NA,0,0,0,0,NA,0,0,0,0,0,0,0,0,NA,0,0,0,0,0,0,NA,0,0,0,0,0,1,1,1,1,0,0,NA,0,1,1,1,3,0.75,4,1,1,1,0,0,1,0.25,4,0,0,0,0,4,42,0.777777777777778,54,37,0.822222222222222,45,26,0.8125,32,0.711111111111111,0.462962962962963,0.277777777777778,0.259259259259259,16,25,0.64,14,15,0.933333333333333,12,14,0.857142857142857,0.592592592592593,26,0.8125,32,0.46875,0.21875,0.3125,11,15,0.733333333333333,7,7,1,8,10,0.8,5,0.555555555555556,9,4,2,1,1,1,1,0,3,0,1,16,10,8,5,3,4,4,0,0,0,0,0,NA,0,0,0,NA,0,0,0,0,0,0,0,0,0,0,0,0,0,0,0,0,0,0,0,0,NA,0,0,NA,0,0,NA,0,0,NA,0
"Hemmings","CRS",93,1,0,0,NA,0,0,0,0,NA,0,0,0,0,0,0,0,0,NA,0,0,0,0,0,0,NA,0,0,0,0,0,0,NA,0,0,0,0,NA,0,0,NA,0,4,0.571428571428571,7,0,NA,0,0,0,0,NA,0,0,0,0,0,0,28,0.777777777777778,36,24,0.827586206896552,29,12,0.857142857142857,14,0.482758620689655,0.444444444444444,0.361111111111111,0.194444444444444,11,16,0.6875,10,13,0.769230769230769,7,7,1,0.388888888888889,12,0.857142857142857,14,0.357142857142857,0.428571428571429,0.214285714285714,5,5,1,4,6,0.666666666666667,3,3,1,4,0.571428571428571,7,3,2,3,2,1,2,0,1,0,3,18,5,11,6,5,1,2,2,0,0,0,0,NA,0,0,0,NA,0,0,0,0,0,0,0,0,0,0,0,0,0,0,0,0,0,0,0,0,NA,0,0,NA,0,0,NA,0,0,NA,0
"Holiday","FCKC",93,1,0,0,NA,0,0,0,0,NA,0,0,0,0,0,0,0,0,NA,0,0,0,0,0,0,NA,0,0,0,0,0,2,1,2,2,0,0,0,2,1,1,1,0,NA,0,0,NA,0,0,0,1,0.5,2,0,0,0,0,2,53,0.828125,64,52,0.838709677419355,62,27,0.9,30,0.483870967741935,0.40625,0.34375,0.25,16,26,0.615384615384615,22,22,1,15,16,0.9375,0.46875,27,0.9,30,0.233333333333333,0.4,0.366666666666667,5,7,0.714285714285714,12,12,1,10,11,0.909090909090909,1,0.25,4,3,0,0,0,0,1,1,3,0,1,21,8,9,7,2,1,1,0,0,0,0,0,NA,0,0,0,NA,0,0,0,0,0,0,0,0,0,0,0,0,0,0,0,0,0,0,0,0,NA,0,0,NA,0,0,NA,0,0,NA,0
"Hoy","CRS",58,1,0,0,NA,0,0,0,0,NA,0,0,0,0,0,0,0,0,NA,0,0,0,0,0,0,NA,0,0,0,0,0,2,0.666666666666667,3,3,0,0,NA,0,0,NA,0,0,NA,0,0,NA,0,0,0,0,NA,0,0,0,0,0,0,13,0.928571428571429,14,13,0.928571428571429,14,9,1,9,0.642857142857143,0.0714285714285714,0.285714285714286,0.642857142857143,1,1,1,3,4,0.75,9,9,1,0.642857142857143,9,1,9,0.111111111111111,0.222222222222222,0.666666666666667,1,1,1,2,2,1,6,6,1,3,1,3,0,0,3,2,0.333333333333333,6,4,0,0,1,11,2,0,0,0,0,1,0,0,0,0,0,NA,0,0,0,NA,0,0,0,0,0,0,0,0,0,0,0,0,0,0,0,0,0,0,0,0,NA,0,0,NA,0,0,NA,0,0,NA,0
"Huerta","CRS",47,0,0,2,1,2,0,0,2,1,0,0,0,1,1,0,0,0,NA,0,0,0,0,0,0,NA,0,0,0,0,0,1,1,1,1,0,0,0,1,0,NA,0,1,1,1,0,NA,0,0,0,0,NA,0,0,0,0,0,0,7,0.7,10,6,0.666666666666667,9,5,0.833333333333333,6,0.666666666666667,0.6,0.2,0.2,4,6,0.666666666666667,1,2,0.5,2,2,1,0.6,5,0.833333333333333,6,0.5,0.166666666666667,0.333333333333333,3,3,1,0,1,0,2,2,1,0,0,2,2,0,0,1,0.333333333333333,3,2,1,0,0,15,5,3,2,1,0,0,0,0,0,0,0,NA,0,0,0,NA,0,0,0,0,0,0,0,0,0,0,0,0,0,0,0,0,0,0,0,0,NA,0,0,NA,0,0,NA,0,0,NA,0
"Huster","WAS",11,0,0,0,NA,0,0,0,0,NA,0,0,0,0,0,0,0,0,NA,0,0,0,0,0,0,NA,0,0,0,0,0,0,0,1,1,0,0,NA,0,0,NA,0,0,NA,0,0,NA,0,0,0,0,NA,0,0,0,0,0,0,4,0.5,8,4,0.5,8,3,0.6,5,0.625,0.625,0.125,0.25,2,5,0.4,0,1,0,2,2,1,0.625,3,0.6,5,0.6,0,0.4,1,3,0.333333333333333,0,0,NA,2,2,1,1,1,1,0,0,1,0,NA,0,0,0,0,0,2,1,1,0,1,0,0,1,0,0,0,0,NA,0,0,0,NA,0,0,0,0,0,0,0,0,0,0,0,0,0,0,0,0,0,0,0,0,NA,0,0,NA,0,0,NA,0,0,NA,0
"Johnson","CRS",47,0,0,0,NA,0,0,0,0,NA,0,0,0,0,0,0,0,0,NA,0,0,0,0,0,0,NA,0,0,0,0,0,0,0,1,1,0,1,0.333333333333333,3,0,NA,0,0,NA,0,0,NA,0,0,0,0,NA,0,0,0,0,0,0,12,0.666666666666667,18,12,0.666666666666667,18,1,1,1,0.0555555555555556,0.722222222222222,0.222222222222222,0.0555555555555556,8,13,0.615384615384615,3,4,0.75,1,1,1,0.0555555555555556,1,1,1,1,0,0,1,1,1,0,0,NA,0,0,NA,0,0,1,1,0,0,1,1,1,0,2,0,0,3,1,6,4,2,2,2,1,0,0,0,0,NA,0,0,0,NA,0,0,0,0,0,0,0,0,0,0,0,0,0,0,0,0,0,0,0,0,NA,0,0,NA,0,0,NA,0,0,NA,0
"Johnson","WAS",95,1,0,0,NA,0,0,0,0,NA,0,0,0,0,0,0,0,0,NA,0,0,0,0,0,0,NA,0,0,0,0,0,0,NA,0,0,0,1,0.333333333333333,3,0,NA,0,0,NA,0,0,NA,0,0,0,1,1,1,0,0,0,0,1,34,0.871794871794872,39,33,0.868421052631579,38,8,1,8,0.210526315789474,0.666666666666667,0.256410256410256,0.0769230769230769,22,26,0.846153846153846,10,10,1,2,3,0.666666666666667,0.205128205128205,8,1,8,0.75,0.125,0.125,6,6,1,1,1,1,1,1,1,1,1,1,0,0,0,0,0,2,2,1,0,2,8,2,8,6,2,2,8,2,1,0,0,0,NA,0,0,0,NA,0,0,0,0,0,0,0,0,0,0,0,0,0,0,0,0,0,0,0,0,NA,0,0,NA,0,0,NA,0,0,NA,0
"Johnston","CRS",93,1,0,1,0,0,0,1,0,0,0,0,0,1,0,0,0,0,NA,0,0,0,0,0,0,NA,0,0,0,0,0,0,NA,0,0,0,2,0.333333333333333,6,0,0,1,1,1,1,0,NA,0,0,0,0,NA,0,0,0,0,0,0,33,0.66,50,32,0.653061224489796,49,7,0.538461538461538,13,0.26530612244898,0.76,0.1,0.14,21,38,0.552631578947368,5,5,1,7,7,1,0.26,7,0.538461538461538,13,0.692307692307692,0.153846153846154,0.153846153846154,3,9,0.333333333333333,2,2,1,2,2,1,0,NA,0,0,0,1,2,1,2,0,2,0,1,5,2,9,6,3,5,4,4,0,0,0,0,NA,0,0,0,NA,0,0,0,0,0,0,0,0,0,0,0,0,0,0,0,0,0,0,0,0,NA,0,0,NA,0,0,NA,0,0,NA,0
"Kopmeyer","SRFC",97,1,0,0,NA,0,0,0,0,NA,0,0,0,0,0,0,0,0,NA,0,0,0,0,0,0,NA,0,0,0,0,0,0,NA,0,0,0,4,0.8,5,0,NA,0,0,NA,0,0,NA,0,0,0,0,NA,0,0,0,0,0,0,24,0.923076923076923,26,15,0.9375,16,0,NA,0,0,0.807692307692308,0.192307692307692,0,20,21,0.952380952380952,4,5,0.8,0,0,NA,0,0,NA,0,NA,NA,NA,0,0,NA,0,0,NA,0,0,NA,0,NA,0,0,0,0,0,NA,0,0,0,0,0,0,0,0,0,0,0,0,1,0,3,0,3,0,0,0,0,NA,4,4,0,3,0,1,0,0,3,3,0,1,1,0,0,0,0,2,0,24,0.923076923076923,26,8,0.888888888888889,9,1,1,1,4,1,4
"Kyle","PTFC",21,0,0,0,NA,0,0,0,0,NA,0,0,0,0,0,0,0,0,NA,0,0,0,0,0,0,NA,0,0,0,0,0,0,NA,0,0,0,0,NA,0,0,NA,0,1,1,1,0,NA,0,0,0,0,NA,0,0,0,0,0,0,12,0.8,15,11,0.785714285714286,14,6,0.75,8,0.571428571428571,0.333333333333333,0.4,0.266666666666667,2,5,0.4,6,6,1,4,4,1,0.533333333333333,6,0.75,8,0.375,0.375,0.25,1,3,0.333333333333333,3,3,1,2,2,1,0,NA,0,0,0,0,0,NA,0,0,2,0,0,2,1,0,0,0,0,1,0,0,0,0,0,NA,0,0,0,NA,0,0,0,0,0,0,0,0,0,0,0,0,0,0,0,0,0,0,0,0,NA,0,0,NA,0,0,NA,0,0,NA,0
"Laddish","FCKC",63,1,0,0,NA,0,0,0,0,NA,0,0,0,0,0,0,0,0,NA,0,0,0,0,0,0,NA,0,0,0,0,0,0,0,1,1,0,0,NA,0,0,NA,0,0,NA,0,0,NA,0,0,0,0,NA,0,0,0,0,0,0,31,0.837837837837838,37,31,0.837837837837838,37,14,0.875,16,0.432432432432432,0.513513513513513,0.243243243243243,0.243243243243243,14,19,0.736842105263158,8,9,0.888888888888889,9,9,1,0.432432432432432,14,0.875,16,0.5,0.25,0.25,6,8,0.75,4,4,1,4,4,1,0,0,1,1,0,1,2,0.333333333333333,6,4,2,0,2,6,9,4,3,1,1,6,0,0,0,0,0,NA,0,0,0,NA,0,0,0,0,0,0,0,0,0,0,0,0,0,0,0,0,0,0,0,0,NA,0,0,NA,0,0,NA,0,0,NA,0
"LePeilbet","FCKC",93,1,0,0,NA,0,0,0,0,NA,0,0,0,0,0,0,0,0,NA,0,0,0,0,0,0,NA,0,0,0,0,0,0,NA,0,0,0,2,1,2,0,NA,0,0,NA,0,0,NA,0,0,0,0,NA,0,0,0,0,0,0,20,0.909090909090909,22,20,0.909090909090909,22,7,1,7,0.318181818181818,0.681818181818182,0.227272727272727,0.0909090909090909,14,15,0.933333333333333,5,5,1,1,2,0.5,0.318181818181818,7,1,7,0.571428571428571,0.285714285714286,0.142857142857143,4,4,1,2,2,1,1,1,1,0,NA,0,0,0,0,3,0.6,5,2,0,0,1,9,5,1,1,0,3,9,4,0,0,0,0,NA,0,0,0,NA,0,0,0,0,0,0,0,0,0,0,0,0,0,0,0,0,0,0,0,0,NA,0,0,NA,0,0,NA,0,0,NA,0
"Little","SRFC",192,2,1,3,1,2,0,0,2,0.666666666666667,0,2,0,1,0,0,1,1,0,0,0,1,0,1,1,1,0,0,0,1,0,2,0.333333333333333,6,6,0,0,NA,0,5,0.5,10,1,1,1,1,1,1,0,0,2,0.666666666666667,3,0,0,1,0,4,77,0.83695652173913,92,73,0.839080459770115,87,46,0.851851851851852,54,0.620689655172414,0.402173913043478,0.228260869565217,0.369565217391304,27,37,0.72972972972973,18,21,0.857142857142857,32,34,0.941176470588235,0.58695652173913,46,0.851851851851852,54,0.37037037037037,0.240740740740741,0.388888888888889,15,20,0.75,12,13,0.923076923076923,19,21,0.904761904761905,11,0.611111111111111,18,7,4,2,0,0,3,3,2,0,0,40,17,20,13,6,0,0,0,0,0,0,0,NA,0,0,0,NA,0,0,0,0,0,0,0,0,0,0,0,0,0,0,0,0,0,0,0,0,NA,0,0,NA,0,0,NA,0,0,NA,0
"Lohman","WAS",23,0,0,0,NA,0,0,0,0,NA,0,0,0,0,0,0,0,0,NA,0,0,0,0,0,0,NA,0,0,0,0,0,0,NA,0,0,0,0,NA,0,0,NA,0,1,1,1,0,NA,0,0,0,0,NA,0,0,0,0,0,0,9,1,9,8,1,8,6,1,6,0.75,0.222222222222222,0.222222222222222,0.555555555555556,2,2,1,2,2,1,5,5,1,0.666666666666667,6,1,6,0.166666666666667,0.333333333333333,0.5,1,1,1,2,2,1,3,3,1,0,NA,0,0,0,0,0,0,1,1,0,0,1,12,2,0,0,0,0,0,0,0,0,0,0,NA,0,0,0,NA,0,0,0,0,0,0,0,0,0,0,0,0,0,0,0,0,0,0,0,0,NA,0,0,NA,0,0,NA,0,0,NA,0
"Long","PTFC",97,1,0,1,1,1,0,0,0,0,0,0,0,1,0,0,0,1,0,0,0,1,0,0,0,NA,0,0,0,0,0,1,0.5,2,2,0,0,NA,0,0,0,1,0,NA,0,1,0.333333333333333,3,0,0,0,NA,0,0,0,1,0,1,35,0.833333333333333,42,34,0.871794871794872,39,21,0.954545454545455,22,0.564102564102564,0.476190476190476,0.30952380952381,0.214285714285714,15,20,0.75,11,13,0.846153846153846,9,9,1,0.523809523809524,21,0.954545454545455,22,0.409090909090909,0.272727272727273,0.318181818181818,8,9,0.888888888888889,6,6,1,7,7,1,0,0,2,2,2,0,3,0.6,5,2,1,0,3,20,8,7,5,2,3,3,0,0,0,0,0,NA,0,0,0,NA,0,0,0,0,0,0,0,0,0,0,0,0,0,0,0,0,0,0,0,0,NA,0,0,NA,0,0,NA,0,0,NA,0
"Matheson","WAS",95,1,0,0,NA,0,0,0,0,NA,0,0,0,0,0,0,0,0,NA,0,0,0,0,0,0,NA,0,0,0,0,0,0,0,3,3,0,0,0,2,1,1,1,1,1,1,0,NA,0,0,0,0,NA,0,0,0,0,0,0,28,0.756756756756757,37,27,0.75,36,17,0.944444444444444,18,0.5,0.351351351351351,0.324324324324324,0.324324324324324,9,13,0.692307692307692,7,12,0.583333333333333,12,12,1,0.486486486486487,17,0.944444444444444,18,0.333333333333333,0.277777777777778,0.388888888888889,6,6,1,4,5,0.8,7,7,1,3,1,3,0,0,2,0,0,2,2,1,0,1,14,7,8,2,6,2,0,0,0,0,0,0,NA,0,0,0,NA,0,0,0,0,0,0,0,0,0,0,0,0,0,0,0,0,0,0,0,0,NA,0,0,NA,0,0,NA,0,0,NA,0
"Mathias","SRFC",173,2,0,3,0.333333333333333,1,0,2,2,0.666666666666667,0,3,0,0,0,0,0,0,NA,0,0,0,0,0,0,NA,0,0,0,0,0,1,0.333333333333333,3,3,0,0,0,1,0,0,1,0,NA,0,0,NA,0,0,0,0,NA,0,0,0,0,0,0,18,0.666666666666667,27,18,0.666666666666667,27,11,0.611111111111111,18,0.666666666666667,0.407407407407407,0.222222222222222,0.37037037037037,5,11,0.454545454545455,3,6,0.5,10,10,1,0.666666666666667,11,0.611111111111111,18,0.444444444444444,0.166666666666667,0.388888888888889,3,8,0.375,1,3,0.333333333333333,7,7,1,2,0.181818181818182,11,9,0,1,5,0.5,10,5,4,0,2,46,22,8,5,2,3,4,1,0,0,0,0,NA,0,0,0,NA,0,0,0,0,0,0,0,0,0,0,0,0,0,0,0,0,0,0,0,0,NA,0,0,NA,0,0,NA,0,0,NA,0
"Mautz","CRS",47,1,0,1,1,1,0,0,1,1,0,0,0,0,1,0,0,0,NA,0,0,0,0,0,0,NA,0,0,0,0,0,0,0,1,0,1,0,NA,0,1,1,1,0,NA,0,0,NA,0,0,0,0,NA,0,0,0,0,0,0,13,0.764705882352941,17,13,0.764705882352941,17,9,0.9,10,0.588235294117647,0.529411764705882,0,0.470588235294118,5,9,0.555555555555556,0,0,NA,8,8,1,0.588235294117647,9,0.9,10,0.5,0,0.5,4,5,0.8,0,0,NA,5,5,1,2,0.666666666666667,3,1,0,0,1,1,1,0,0,0,1,26,2,1,1,0,0,0,0,0,0,0,0,NA,0,0,0,NA,0,0,0,0,0,0,0,0,0,0,0,0,0,0,0,0,0,0,0,0,NA,0,0,NA,0,0,NA,0,0,NA,0
"Menges","PTFC",97,1,0,0,NA,0,0,0,0,NA,0,0,0,0,0,0,0,0,NA,0,0,0,0,0,0,NA,0,0,0,0,0,0,NA,0,0,0,2,1,2,0,NA,0,1,1,1,0,NA,0,0,0,3,1,3,0,0,0,0,3,42,0.875,48,38,0.863636363636364,44,13,0.764705882352941,17,0.386363636363636,0.770833333333333,0.125,0.104166666666667,32,37,0.864864864864865,5,6,0.833333333333333,5,5,1,0.354166666666667,13,0.764705882352941,17,0.823529411764706,0,0.176470588235294,10,14,0.714285714285714,0,0,NA,3,3,1,0,0,1,1,1,1,1,1,1,0,3,0,2,3,4,9,8,1,5,1,0,0,0,0,0,NA,0,0,0,NA,0,0,0,0,0,0,0,0,0,0,0,0,0,0,0,0,0,0,0,0,NA,0,0,NA,0,0,NA,0,0,NA,0
"Moros","FCKC",93,1,0,0,NA,0,0,0,0,NA,0,0,0,0,0,0,0,0,NA,0,0,0,0,0,0,NA,0,0,0,0,0,0,0,2,1,1,0,0,2,0,0,1,6,0.666666666666667,9,0,NA,0,0,0,0,NA,0,0,0,0,0,0,42,0.724137931034483,58,36,0.73469387755102,49,20,0.740740740740741,27,0.551020408163265,0.637931034482759,0.206896551724138,0.155172413793103,24,37,0.648648648648649,9,12,0.75,9,9,1,0.46551724137931,20,0.740740740740741,27,0.666666666666667,0.148148148148148,0.185185185185185,12,18,0.666666666666667,3,4,0.75,5,5,1,3,0.75,4,1,0,0,4,1,4,0,1,0,7,16,6,3,2,1,3,1,3,0,0,0,0,NA,0,0,0,NA,0,0,0,0,0,0,0,0,0,0,0,0,0,0,0,0,0,0,0,0,NA,0,0,NA,0,0,NA,0,0,NA,0
"Nairn","WAS",95,1,0,0,NA,0,0,0,0,NA,0,0,0,0,0,0,0,0,NA,0,0,0,0,0,0,NA,0,0,0,0,0,0,0,1,0,1,1,0.166666666666667,6,0,NA,0,0,NA,0,3,0.75,4,0,0,3,0.6,5,0,0,0,0,5,61,0.802631578947368,76,55,0.82089552238806,67,20,0.952380952380952,21,0.313432835820896,0.473684210526316,0.276315789473684,0.25,26,36,0.722222222222222,17,21,0.80952380952381,18,19,0.947368421052632,0.276315789473684,20,0.952380952380952,21,0.428571428571429,0.285714285714286,0.285714285714286,9,9,1,5,6,0.833333333333333,6,6,1,1,1,1,0,1,0,0,0,1,1,0,0,0,7,2,7,6,1,4,3,2,0,0,0,0,NA,0,0,0,NA,0,0,0,0,0,0,0,0,0,0,0,0,0,0,0,0,0,0,0,0,NA,0,0,NA,0,0,NA,0,0,NA,0
"O'Reilly","FCKC",93,1,0,4,0.75,3,0,1,3,0.75,0,3,0,1,0,0,1,1,0,0,0,1,0,1,0,0,1,0,0,0,0,2,0.5,4,3,1,0,0,1,0,0,1,0,NA,0,0,NA,0,0,0,0,NA,0,0,0,0,0,0,34,0.755555555555556,45,34,0.755555555555556,45,16,0.761904761904762,21,0.466666666666667,0.333333333333333,0.333333333333333,0.333333333333333,9,15,0.6,12,15,0.8,13,15,0.866666666666667,0.466666666666667,16,0.761904761904762,21,0.380952380952381,0.238095238095238,0.380952380952381,5,8,0.625,5,5,1,6,8,0.75,2,0.5,4,2,1,2,1,1,1,0,2,0,0,8,3,5,4,1,2,1,1,1,0,0,0,NA,0,0,0,NA,0,0,0,0,0,0,0,0,0,0,0,0,0,0,0,0,0,0,0,0,NA,0,0,NA,0,0,NA,0,0,NA,0
"Ordega","WAS",73,1,0,0,NA,0,0,0,0,NA,0,0,0,0,0,0,0,0,NA,0,0,0,0,0,0,NA,0,0,0,0,0,0,0,1,1,0,0,NA,0,0,0,1,0,NA,0,0,NA,0,0,0,0,NA,0,0,0,0,0,0,5,0.625,8,5,0.625,8,2,0.666666666666667,3,0.375,0.25,0.375,0.375,1,2,0.5,2,3,0.666666666666667,2,3,0.666666666666667,0.375,2,0.666666666666667,3,0.333333333333333,0.333333333333333,0.333333333333333,0,1,0,1,1,1,1,1,1,1,0.111111111111111,9,8,0,1,2,0.5,4,2,2,0,0,7,9,2,1,1,0,4,0,0,0,0,0,NA,0,0,0,NA,0,0,0,0,0,0,0,0,0,0,0,0,0,0,0,0,0,0,0,0,NA,0,0,NA,0,0,NA,0,0,NA,0
"Oyster","WAS",95,1,0,0,NA,0,0,0,0,NA,0,0,0,0,0,0,0,0,NA,0,0,0,0,0,0,NA,0,0,0,0,0,0,NA,0,0,0,1,0.333333333333333,3,0,NA,0,0,NA,0,0,NA,0,0,0,0,NA,0,0,0,0,0,0,41,0.872340425531915,47,41,0.872340425531915,47,12,0.8,15,0.319148936170213,0.702127659574468,0.212765957446809,0.0851063829787234,27,33,0.818181818181818,10,10,1,4,4,1,0.319148936170213,12,0.8,15,0.8,0.133333333333333,0.0666666666666667,9,12,0.75,2,2,1,1,1,1,0,NA,0,0,0,0,0,0,3,3,3,0,2,5,3,7,7,0,4,2,4,2,0,0,0,NA,0,0,0,NA,0,0,0,0,0,0,0,0,0,0,0,0,0,0,0,0,0,0,0,0,NA,0,0,NA,0,0,NA,0,0,NA,0
"Polkinghorne","PTFC",63,1,0,0,NA,0,0,0,0,NA,0,0,0,0,0,0,0,0,NA,0,0,0,0,0,0,NA,0,0,0,0,0,0,NA,0,0,0,0,NA,0,0,0,1,0,NA,0,0,NA,0,0,0,0,NA,0,0,0,0,0,0,20,0.833333333333333,24,20,0.833333333333333,24,14,0.933333333333333,15,0.625,0.541666666666667,0.291666666666667,0.166666666666667,9,13,0.692307692307692,7,7,1,4,4,1,0.625,14,0.933333333333333,15,0.533333333333333,0.266666666666667,0.2,7,8,0.875,4,4,1,3,3,1,0,0,1,1,1,1,1,0.5,2,1,2,0,3,17,6,3,1,2,1,0,0,0,0,0,0,NA,0,0,0,NA,0,0,0,0,0,0,0,0,0,0,0,0,0,0,0,0,0,0,0,0,NA,0,0,NA,0,0,NA,0,0,NA,0
"Press","CRS",93,1,0,8,0.25,2,0,6,5,0.625,1,3,2,2,0,0,0,0,NA,0,0,0,0,1,0,0,0,0,1,0,0,0,NA,0,0,0,0,NA,0,0,NA,0,0,NA,0,0,NA,0,0,0,0,NA,0,0,0,1,0,1,16,0.8,20,16,0.8,20,7,1,7,0.35,0.5,0.1,0.4,6,10,0.6,2,2,1,8,8,1,0.35,7,1,7,0.285714285714286,0.142857142857143,0.571428571428571,2,2,1,1,1,1,4,4,1,3,0.428571428571429,7,4,2,4,0,0,2,2,1,0,0,14,9,4,2,2,0,2,0,0,0,0,0,NA,0,0,0,NA,0,0,0,0,0,0,0,0,0,0,0,0,0,0,0,0,0,0,0,0,NA,0,0,NA,0,0,NA,0,0,NA,0
"Rapinoe","SRFC",174,2,1,6,0.333333333333333,1,0,4,5,0.833333333333333,0,4,2,0,0,0,1,0,NA,0,0,0,0,0,0,NA,0,0,0,0,0,3,0.375,8,8,0,0,0,1,1,0.5,2,4,1,4,1,0.166666666666667,6,0,0,1,1,1,0,0,0,0,1,48,0.6,80,42,0.608695652173913,69,24,0.631578947368421,38,0.550724637681159,0.5375,0.2625,0.2,27,43,0.627906976744186,8,21,0.380952380952381,13,16,0.8125,0.475,24,0.631578947368421,38,0.631578947368421,0.157894736842105,0.210526315789474,15,24,0.625,3,6,0.5,6,8,0.75,7,0.4375,16,9,2,5,5,0.5,10,5,9,0,6,46,26,13,7,6,3,6,3,0,0,0,0,NA,0,0,0,NA,0,0,0,0,0,0,0,0,0,0,0,0,0,0,0,0,0,0,0,0,NA,0,0,NA,0,0,NA,0,0,NA,0
"Raso","WAS",47,1,0,0,NA,0,0,0,0,NA,0,0,0,0,0,0,0,0,NA,0,0,0,0,0,0,NA,0,0,0,0,0,0,0,1,1,0,0,NA,0,0,NA,0,0,NA,0,0,NA,0,0,0,0,NA,0,0,0,0,0,0,10,0.833333333333333,12,10,0.833333333333333,12,6,0.75,8,0.666666666666667,0.333333333333333,0.25,0.416666666666667,3,4,0.75,2,3,0.666666666666667,5,5,1,0.666666666666667,6,0.75,8,0.25,0.375,0.375,1,2,0.5,2,3,0.666666666666667,3,3,1,0,0,1,1,0,2,0,0,1,1,2,0,0,10,3,2,2,0,0,0,0,0,0,0,0,NA,0,0,0,NA,0,0,0,0,0,0,0,0,0,0,0,0,0,0,0,0,0,0,0,0,NA,0,0,NA,0,0,NA,0,0,NA,0
"Reed","SRFC",24,0,0,0,NA,0,0,0,0,NA,0,0,0,0,0,0,0,0,NA,0,0,0,0,0,0,NA,0,0,0,0,0,0,NA,0,0,0,0,NA,0,0,NA,0,1,1,1,0,NA,0,0,0,0,NA,0,0,0,0,0,0,5,1,5,4,1,4,4,1,4,1,0.4,0,0.6,2,2,1,0,0,NA,3,3,1,0.8,4,1,4,0.25,0,0.75,1,1,1,0,0,NA,3,3,1,0,0,1,1,0,1,0,0,2,2,0,0,0,3,1,0,0,0,0,0,1,0,0,0,0,NA,0,0,0,NA,0,0,0,0,0,0,0,0,0,0,0,0,0,0,0,0,0,0,0,0,NA,0,0,NA,0,0,NA,0,0,NA,0
"Reynolds","WAS",95,1,0,0,NA,0,0,0,0,NA,0,0,0,0,0,0,0,0,NA,0,0,0,0,0,0,NA,0,0,0,0,0,0,0,1,1,0,0,0,2,0,NA,0,6,0.666666666666667,9,0,NA,0,0,0,0,NA,0,0,0,0,0,0,42,0.792452830188679,53,36,0.818181818181818,44,16,0.842105263157895,19,0.431818181818182,0.716981132075472,0.0943396226415094,0.188679245283019,31,38,0.815789473684211,3,5,0.6,8,10,0.8,0.358490566037736,16,0.842105263157895,19,0.631578947368421,0.157894736842105,0.210526315789474,10,12,0.833333333333333,2,3,0.666666666666667,4,4,1,2,0.666666666666667,3,1,1,0,6,0.75,8,2,0,0,1,14,8,7,4,3,4,3,1,0,0,0,0,NA,0,0,0,NA,0,0,0,0,0,0,0,0,0,0,0,0,0,0,0,0,0,0,0,0,NA,0,0,NA,0,0,NA,0,0,NA,0
"Rodriguez","FCKC",89,1,2,3,1,1,0,0,1,0.333333333333333,0,3,0,0,0,0,0,0,NA,0,0,0,0,3,2,0.666666666666667,0,0,1,0,0,1,1,1,1,0,0,NA,0,0,NA,0,0,NA,0,0,NA,0,0,0,0,NA,0,0,0,0,0,0,18,0.857142857142857,21,18,0.857142857142857,21,4,0.8,5,0.238095238095238,0.380952380952381,0.238095238095238,0.380952380952381,5,8,0.625,5,5,1,8,8,1,0.238095238095238,4,0.8,5,0.6,0.2,0.2,2,3,0.666666666666667,1,1,1,1,1,1,2,0.666666666666667,3,1,0,3,1,0.2,5,4,0,0,0,12,3,7,4,3,1,1,1,0,0,0,0,NA,0,0,0,NA,0,0,0,0,0,0,0,0,0,0,0,0,0,0,0,0,0,0,0,0,NA,0,0,NA,0,0,NA,0,0,NA,0
"Salem","WAS",85,1,0,0,NA,0,0,0,0,NA,0,0,0,0,0,0,0,0,NA,0,0,0,0,0,0,NA,0,0,0,0,0,0,NA,0,0,0,0,0,1,0,NA,0,0,NA,0,0,NA,0,0,0,0,NA,0,0,0,0,0,0,38,0.808510638297872,47,38,0.808510638297872,47,15,0.833333333333333,18,0.382978723404255,0.48936170212766,0.25531914893617,0.25531914893617,15,23,0.652173913043478,12,12,1,11,12,0.916666666666667,0.382978723404255,15,0.833333333333333,18,0.388888888888889,0.166666666666667,0.444444444444444,4,7,0.571428571428571,3,3,1,8,8,1,1,0.5,2,1,2,0,2,0.285714285714286,7,5,1,0,0,13,4,2,2,0,1,5,0,0,0,0,0,NA,0,0,0,NA,0,0,0,0,0,0,0,0,0,0,0,0,0,0,0,0,0,0,0,0,NA,0,0,NA,0,0,NA,0,0,NA,0
"Sauerbrunn","FCKC",93,1,0,0,NA,0,0,0,0,NA,0,0,0,0,0,0,0,0,NA,0,0,0,0,0,0,NA,0,0,0,0,0,0,NA,0,0,0,0,0,1,0,NA,0,0,NA,0,0,NA,0,0,0,0,NA,0,0,0,0,0,0,22,0.814814814814815,27,22,0.814814814814815,27,9,0.818181818181818,11,0.407407407407407,0.62962962962963,0.296296296296296,0.0740740740740741,13,17,0.764705882352941,7,8,0.875,2,2,1,0.407407407407407,9,0.818181818181818,11,0.636363636363636,0.363636363636364,0,5,7,0.714285714285714,4,4,1,0,0,NA,0,0,1,1,0,1,2,0.666666666666667,3,1,3,0,0,7,8,7,6,1,10,2,5,2,0,0,0,NA,0,0,0,NA,0,0,0,0,0,0,0,0,0,0,0,0,0,0,0,0,0,0,0,0,NA,0,0,NA,0,0,NA,0,0,NA,0
"Shim","PTFC",13,0,0,0,NA,0,0,0,0,NA,0,0,0,0,0,0,0,0,NA,0,0,0,0,0,0,NA,0,0,0,0,0,0,0,1,1,0,0,NA,0,0,NA,0,0,NA,0,0,NA,0,0,0,0,NA,0,0,0,0,0,0,2,0.666666666666667,3,2,0.666666666666667,3,2,0.666666666666667,3,1,0.666666666666667,0,0.333333333333333,1,2,0.5,0,0,NA,1,1,1,1,2,0.666666666666667,3,0.666666666666667,0,0.333333333333333,1,2,0.5,0,0,NA,1,1,1,1,1,1,0,0,0,0,NA,0,0,0,0,0,4,3,1,0,1,0,0,0,0,0,0,0,NA,0,0,0,NA,0,0,0,0,0,0,0,0,0,0,0,0,0,0,0,0,0,0,0,0,NA,0,0,NA,0,0,NA,0,0,NA,0
"Silva","FCKC",23,0,0,0,NA,0,0,0,0,NA,0,0,0,0,0,0,0,1,0,0,0,1,0,0,0,NA,0,0,0,0,0,0,NA,0,0,0,0,NA,0,1,1,1,0,NA,0,0,NA,0,0,0,0,NA,0,0,0,0,0,0,13,1,13,13,1,13,3,1,3,0.230769230769231,0.384615384615385,0.230769230769231,0.384615384615385,5,5,1,3,3,1,5,5,1,0.230769230769231,3,1,3,0.333333333333333,0,0.666666666666667,1,1,1,0,0,NA,2,2,1,0,0,1,1,0,0,0,NA,0,0,1,0,0,1,0,0,0,0,1,0,1,0,0,0,0,NA,0,0,0,NA,0,0,0,0,0,0,0,0,0,0,0,0,0,0,0,0,0,0,0,0,NA,0,0,NA,0,0,NA,0,0,NA,0
"Sinclair","PTFC",97,1,0,3,0.666666666666667,2,0,1,3,1,1,1,0,0,0,0,0,0,NA,0,0,0,0,1,0,0,0,1,0,0,0,1,1,1,1,0,0,NA,0,0,0,1,0,NA,0,0,NA,0,0,0,0,NA,0,0,0,0,0,0,17,0.68,25,17,0.68,25,10,0.666666666666667,15,0.6,0.32,0.24,0.44,4,8,0.5,5,6,0.833333333333333,8,11,0.727272727272727,0.6,10,0.666666666666667,15,0.133333333333333,0.4,0.466666666666667,1,2,0.5,5,6,0.833333333333333,4,7,0.571428571428571,0,NA,0,0,1,1,7,0.7,10,3,2,0,0,17,5,6,4,2,1,2,0,0,0,0,0,NA,0,0,0,NA,0,0,0,0,0,0,0,0,0,0,0,0,0,0,0,0,0,0,0,0,NA,0,0,NA,0,0,NA,0,0,NA,0
"Solo","SRFC",95,1,0,0,NA,0,0,0,0,NA,0,0,0,0,0,0,0,0,NA,0,0,0,0,0,0,NA,0,0,0,0,0,0,NA,0,0,0,2,0.333333333333333,6,0,NA,0,0,NA,0,0,NA,0,0,0,1,1,1,0,0,0,0,1,11,0.647058823529412,17,8,0.8,10,0,0,1,0.1,0.823529411764706,0.176470588235294,0,8,14,0.571428571428571,3,3,1,0,0,NA,0.0588235294117647,0,0,1,1,0,0,0,1,0,0,0,NA,0,0,NA,0,NA,0,0,0,0,0,NA,0,0,0,0,0,0,0,4,3,1,0,0,0,0,2,0,2,0,0,0,0,NA,2,2,0,1,0,0,0,0,2,2,0,0,0,0,0,0,0,1,0,11,0.647058823529412,17,1,1,1,1,0.2,5,4,0.8,5
"Tancredi","CRS",35,0,0,1,0,0,0,1,1,1,0,1,0,0,0,0,0,0,NA,0,0,0,0,0,0,NA,0,0,0,0,0,0,NA,0,0,0,0,NA,0,0,NA,0,0,NA,0,0,NA,0,0,0,0,NA,0,0,0,0,0,0,8,0.8,10,8,0.8,10,5,1,5,0.5,0.3,0.4,0.3,2,3,0.666666666666667,3,4,0.75,3,3,1,0.5,5,1,5,0.2,0.4,0.4,1,1,1,2,2,1,2,2,1,0,NA,0,0,0,1,2,0.666666666666667,3,1,0,0,0,3,0,1,1,0,0,0,0,0,0,0,0,NA,0,0,0,NA,0,0,0,0,0,0,0,0,0,0,0,0,0,0,0,0,0,0,0,0,NA,0,0,NA,0,0,NA,0,0,NA,0
"Tymrak","FCKC",71,1,1,2,1,1,0,0,2,1,0,2,0,0,0,0,0,0,NA,0,0,0,0,0,0,NA,0,0,0,0,0,0,0,1,1,0,0,NA,0,1,0.5,2,0,NA,0,0,NA,0,0,0,0,NA,0,0,0,0,0,0,20,0.714285714285714,28,20,0.714285714285714,28,11,0.647058823529412,17,0.607142857142857,0.428571428571429,0.25,0.321428571428571,6,12,0.5,6,7,0.857142857142857,8,9,0.888888888888889,0.607142857142857,11,0.647058823529412,17,0.411764705882353,0.235294117647059,0.352941176470588,3,7,0.428571428571429,3,4,0.75,5,6,0.833333333333333,4,0.666666666666667,6,2,2,1,0,NA,0,0,1,0,4,7,7,5,4,1,0,1,0,0,0,0,0,NA,0,0,0,NA,0,0,0,0,0,0,0,0,0,0,0,0,0,0,0,0,0,0,0,0,NA,0,0,NA,0,0,NA,0,0,NA,0
"Van Hollebeke","PTFC",85,1,0,0,NA,0,0,0,0,NA,0,0,0,0,0,0,0,0,NA,0,0,0,0,0,0,NA,0,0,0,0,0,3,0.75,4,4,0,1,0.5,2,0,NA,0,4,0.8,5,0,NA,0,0,0,0,NA,0,0,0,0,0,0,30,0.769230769230769,39,26,0.764705882352941,34,18,0.75,24,0.705882352941177,0.641025641025641,0.153846153846154,0.205128205128205,16,25,0.64,6,6,1,8,8,1,0.615384615384615,18,0.75,24,0.583333333333333,0.166666666666667,0.25,8,14,0.571428571428571,4,4,1,6,6,1,1,0.5,2,1,0,0,5,0.833333333333333,6,1,3,0,0,9,6,4,1,3,2,3,5,0,0,0,0,NA,0,0,0,NA,0,0,0,0,0,0,0,0,0,0,0,0,0,0,0,0,0,0,0,0,NA,0,0,NA,0,0,NA,0,0,NA,0
"Veje","SRFC",71,1,0,1,1,1,0,0,0,0,0,1,0,0,0,0,0,0,NA,0,0,0,0,1,0,0,1,0,0,0,0,6,0.75,8,8,0,0,NA,0,0,NA,0,0,NA,0,0,NA,0,0,0,0,NA,0,0,0,0,0,0,23,0.793103448275862,29,23,0.793103448275862,29,18,0.9,20,0.689655172413793,0.310344827586207,0.275862068965517,0.413793103448276,6,9,0.666666666666667,5,8,0.625,12,12,1,0.689655172413793,18,0.9,20,0.25,0.25,0.5,3,5,0.6,5,5,1,10,10,1,1,0.2,5,4,0,2,0,0,1,1,1,0,0,9,4,4,1,3,1,1,0,0,0,0,0,NA,0,0,0,NA,0,0,0,0,0,0,0,0,0,0,0,0,0,0,0,0,0,0,0,0,NA,0,0,NA,0,0,NA,0,0,NA,0
"Williamson","PTFC",97,1,0,0,NA,0,0,0,0,NA,0,0,0,0,0,0,0,0,NA,0,0,0,0,0,0,NA,0,0,0,0,0,0,0,1,1,0,0,0,2,0,NA,0,0,NA,0,0,NA,0,0,0,1,0.5,2,0,0,0,0,2,20,0.769230769230769,26,19,0.791666666666667,24,7,0.636363636363636,11,0.458333333333333,0.692307692307692,0.269230769230769,0.0384615384615385,12,18,0.666666666666667,7,7,1,1,1,1,0.423076923076923,7,0.636363636363636,11,0.818181818181818,0.181818181818182,0,5,9,0.555555555555556,2,2,1,0,0,NA,1,1,1,0,0,0,1,1,1,0,0,0,1,8,6,6,3,3,0,3,1,0,0,0,0,NA,0,0,0,NA,0,0,0,0,0,0,0,0,0,0,0,0,0,0,0,0,0,0,0,0,NA,0,0,NA,0,0,NA,0,0,NA,0
"Winters","SRFC",192,2,0,1,1,1,0,0,1,1,0,0,0,1,0,0,0,0,NA,0,0,0,0,0,0,NA,0,0,0,0,0,1,1,1,1,0,0,NA,0,0,NA,0,0,NA,0,0,NA,0,0,0,1,1,1,0,0,0,0,1,55,0.887096774193548,62,54,0.885245901639344,61,35,0.875,40,0.655737704918033,0.387096774193548,0.241935483870968,0.370967741935484,17,24,0.708333333333333,15,15,1,23,23,1,0.645161290322581,35,0.875,40,0.325,0.2,0.475,8,13,0.615384615384615,8,8,1,19,19,1,1,0.333333333333333,3,2,1,1,6,0.461538461538462,13,7,4,0,3,35,23,20,14,4,2,2,2,1,0,0,0,NA,0,0,0,NA,0,0,0,0,0,0,0,0,0,0,0,0,0,0,0,0,0,0,0,0,NA,0,0,NA,0,0,NA,0,0,NA,0
"Yanez","SRFC",122,1,1,3,0.333333333333333,0,0,2,3,1,1,2,0,0,0,0,0,0,NA,0,0,0,0,1,1,1,0,0,0,0,0,0,0,2,2,0,0,NA,0,0,NA,0,0,NA,0,0,NA,0,0,0,0,NA,0,0,0,0,0,0,29,0.805555555555556,36,29,0.805555555555556,36,17,0.944444444444444,18,0.5,0.305555555555556,0.277777777777778,0.416666666666667,9,11,0.818181818181818,5,10,0.5,15,15,1,0.5,17,0.944444444444444,18,0.277777777777778,0.222222222222222,0.5,5,5,1,3,4,0.75,9,9,1,1,0.333333333333333,3,2,1,1,4,0.8,5,1,5,0,3,46,14,5,4,1,1,3,0,0,0,0,0,NA,0,0,0,NA,0,0,0,0,0,0,0,0,0,0,0,0,0,0,0,0,0,0,0,0,NA,0,0,NA,0,0,NA,0,0,NA,0
"Zerboni","PTFC",77,1,0,0,NA,0,0,0,0,NA,0,0,0,0,0,0,0,0,NA,0,0,0,0,0,0,NA,0,0,0,0,0,0,NA,0,0,0,1,0.5,2,0,NA,0,0,NA,0,0,NA,0,0,0,0,NA,0,0,0,0,0,0,26,0.787878787878788,33,26,0.787878787878788,33,13,0.722222222222222,18,0.545454545454545,0.545454545454545,0.181818181818182,0.272727272727273,11,18,0.611111111111111,6,6,1,9,9,1,0.545454545454545,13,0.722222222222222,18,0.5,0.166666666666667,0.333333333333333,4,9,0.444444444444444,3,3,1,6,6,1,0,0,3,3,0,2,1,0.5,2,1,3,0,2,14,10,7,3,4,2,3,2,0,0,0,0,NA,0,0,0,NA,0,0,0,0,0,0,0,0,0,0,0,0,0,0,0,0,0,0,0,0,NA,0,0,NA,0,0,NA,0,0,NA,0
