uniq_poss_discp_id,match_id,possdiscp_id,event,poss_player_disciplinary
1000000,100015,1001,43,fouls.won
1000001,100015,1002,55,fouls.conceded
1000002,100015,1003,87,fouls.won
1000003,100015,1004,106,fouls.conceded
1000004,100015,1005,184,fouls.conceded
1000005,100015,1006,197,fouls.conceded
1000006,100015,1007,224,fouls.won
1000007,100015,1008,329,fouls.conceded
1000008,100015,1009,358,fouls.won
1000009,100015,1010,366,fouls.conceded
1000010,100015,1011,409,fouls.won
1000011,100015,1012,487,fouls.conceded
1000012,100015,1013,503,fouls.won
1000013,100015,1014,516,fouls.conceded
1000014,100015,1015,639,fouls.conceded
1000015,100015,1016,702,fouls.won
1000016,100015,1017,715,fouls.won
1000017,100015,1018,791,fouls.conceded
1000018,100015,1019,815,fouls.won
1000019,100015,1020,818,fouls.conceded
1000020,100015,1021,924,fouls.conceded
1000021,100015,1022,983,fouls.conceded
1000022,100015,1023,1019,fouls.won
1000023,100015,1024,1033,fouls.won
1000024,100015,1025,1107,fouls.won
1000025,100015,1026,1165,fouls.won
1000026,100015,1027,1174,fouls.won
1000027,100011,1001,24,fouls.won
1000028,100011,1002,99,penalties.won
1000029,100011,1003,127,fouls.won
1000030,100011,1004,192,fouls.won
1000031,100011,1005,233,fouls.conceded
1000032,100011,1006,237,fouls.won
1000033,100011,1007,249,fouls.won
1000034,100011,1008,353,fouls.won
1000035,100011,1009,376,"fouls.conceded,yellow.card"
1000036,100011,1010,463,fouls.conceded
1000037,100011,1011,478,fouls.conceded
1000038,100011,1012,565,fouls.conceded
1000039,100011,1013,581,fouls.won
1000040,100011,1014,607,fouls.conceded
1000041,100011,1015,644,fouls.won
1000042,100011,1016,669,fouls.won
1000043,100011,1017,710,fouls.won
1000044,100011,1018,846,fouls.won
1000045,100011,1019,993,fouls.won
1000046,100011,1020,1173,fouls.won
1000047,100011,1021,1187,fouls.won
1000048,100012,1001,80,fouls.won
1000049,100012,1002,127,fouls.won
1000050,100012,1003,234,fouls.won
1000051,100012,1004,242,fouls.conceded
1000052,100012,1005,252,fouls.won
1000053,100012,1006,255,fouls.conceded
1000054,100012,1007,361,fouls.won
1000055,100012,1008,438,fouls.won
1000056,100012,1009,463,fouls.won
1000057,100012,1010,545,fouls.conceded
1000058,100012,1011,556,fouls.won
1000059,100012,1012,604,fouls.won
1000060,100012,1013,606,fouls.conceded
1000061,100012,1014,652,fouls.conceded
1000062,100012,1015,744,fouls.won
1000063,100012,1016,912,fouls.conceded
1000064,100012,1017,937,fouls.won
1000065,100012,1018,984,fouls.won
1000066,100013,1001,77,fouls.won
1000067,100013,1002,105,fouls.won
1000068,100013,1003,208,penalties.won
1000069,100013,1004,242,fouls.won
1000070,100013,1005,332,fouls.won
1000071,100013,1006,386,fouls.won
1000072,100013,1007,391,fouls.conceded
1000073,100013,1008,491,fouls.won
1000074,100013,1009,524,fouls.won
1000075,100013,1010,644,fouls.won
1000076,100013,1011,663,fouls.conceded
1000077,100013,1012,704,fouls.conceded
1000078,100013,1013,889,fouls.won
1000079,100013,1014,967,fouls.conceded
1000080,100013,1015,1034,fouls.won
1000081,100013,1016,1047,fouls.won
1000082,100014,1001,43,fouls.won
1000083,100014,1002,89,fouls.won
1000084,100014,1003,273,fouls.conceded
1000085,100014,1004,308,fouls.won
1000086,100014,1005,372,fouls.won
1000087,100014,1006,390,fouls.won
1000088,100014,1007,402,fouls.won
1000089,100014,1008,506,fouls.won
1000090,100014,1009,536,fouls.won
1000091,100014,1010,599,fouls.won
1000092,100014,1011,656,fouls.conceded
1000093,100014,1012,804,fouls.won
1000094,100014,1013,827,fouls.won
1000095,100014,1014,977,fouls.won
1000096,100014,1015,1016,fouls.won
1000097,100014,1016,1099,fouls.won
1000098,100014,1017,1135,fouls.won
1000099,100023,1001,38,fouls.won
1000100,100023,1002,54,fouls.won
1000101,100023,1003,71,fouls.won
1000102,100023,1004,90,fouls.won
1000103,100023,1005,111,fouls.won
1000104,100023,1006,138,fouls.conceded
1000105,100023,1007,196,fouls.won
1000106,100023,1008,217,fouls.conceded
1000107,100023,1009,321,fouls.won
1000108,100023,1010,341,fouls.won
1000109,100023,1011,371,fouls.won
1000110,100023,1012,463,fouls.won
1000111,100023,1013,490,fouls.won
1000112,100023,1014,734,fouls.won
1000113,100023,1015,773,fouls.won
1000114,100023,1016,955,fouls.won
1000115,100023,1017,975,fouls.won
1000116,100023,1018,999,fouls.won
1000117,100023,1019,1099,fouls.conceded
1000118,100023,1020,1099,yellow.cards
1000119,100023,1021,1144,fouls.won
1000120,100023,1022,1149,fouls.won
1000121,100023,1023,1205,fouls.won
1000122,100023,1024,1221,fouls.won
1000123,100023,1025,1243,fouls.won
1000124,100023,1026,1269,yellow.cards
1000125,100023,1027,1314,fouls.won
1000126,100022,1001,21,fouls.won
1000127,100022,1002,130,fouls.won
1000128,100022,1003,230,fouls.won
1000129,100022,1004,342,fouls.won
1000130,100022,1005,347,fouls.won
1000131,100022,1006,425,fouls.won
1000132,100022,1007,479,fouls.won
1000133,100022,1008,501,fouls.won
1000134,100022,1009,520,fouls.won
1000135,100022,1010,540,fouls.won
1000136,100022,1011,564,fouls.won
1000137,100022,1012,623,fouls.conceded
1000138,100022,1013,717,fouls.conceded
1000139,100022,1014,759,fouls.won
1000140,100022,1015,825,fouls.won
1000141,100022,1016,872,fouls.won
1000142,100022,1017,954,fouls.won
1000143,100022,1018,976,fouls.won
1000144,100022,1019,1004,fouls.won
1000145,100022,1020,1012,fouls.won
1000146,100022,1021,1035,fouls.won
1000147,100022,1022,1099,fouls.won
1000148,100022,1023,1134,fouls.won
1000149,100022,1024,1247,fouls.won
1000150,100022,1025,1261,fouls.won
1000151,100021,1001,57,fouls.won
1000152,100021,1002,78,fouls.won
1000153,100021,1003,83,fouls.won
1000154,100021,1004,108,fouls.won
1000155,100021,1005,131,fouls.conceded
1000156,100021,1006,138,fouls.won
1000157,100021,1007,172,fouls.conceded
1000158,100021,1008,179,fouls.conceded
1000159,100021,1009,197,fouls.won
1000160,100021,1010,221,fouls.won
1000161,100021,1011,263,fouls.conceded
1000162,100021,1012,349,fouls.won
1000163,100021,1013,400,fouls.won
1000164,100021,1014,412,fouls.conceded
1000165,100021,1015,627,fouls.won
1000166,100021,1016,653,fouls.conceded
1000167,100021,1017,684,fouls.won
1000168,100021,1018,735,fouls.won
1000169,100021,1019,780,fouls.won
1000170,100021,1020,804,fouls.won
1000171,100021,1021,853,fouls.conceded
1000172,100021,1022,906,fouls.won
1000173,100021,1023,970,fouls.won
1000174,100021,1024,1003,fouls.conceded
1000175,100021,1025,1038,fouls.won
1000176,100021,1026,1148,fouls.conceded
1000177,100024,1001,21,fouls.won
1000178,100024,1002,164,fouls.conceded
1000179,100024,1003,169,fouls.conceded
1000180,100024,1004,199,fouls.won
1000181,100024,1005,562,fouls.won
1000182,100024,1006,616,fouls.conceded
1000183,100024,1007,626,fouls.won
1000184,100024,1008,669,fouls.won
1000185,100024,1009,678,fouls.won
1000186,100024,1010,693,fouls.won
1000187,100024,1011,744,fouls.won
1000188,100024,1012,754,fouls.won
1000189,100024,1013,983,fouls.won
1000190,100024,1014,1035,fouls.won
1000191,100024,1015,1102,fouls.won
1000192,100024,1016,1178,fouls.won
1000193,100024,1017,1391,fouls.won
1000194,100024,1018,1461,fouls.won
1000195,100024,1019,1486,fouls.conceded
1000196,100010,1001,64,fouls.conceded
1000197,100010,1002,101,fouls.won
1000198,100010,1003,163,fouls.won
1000199,100010,1004,180,fouls.won
1000200,100010,1005,233,fouls.conceded
1000201,100010,1006,284,fouls.won
1000202,100010,1007,345,fouls.won
1000203,100010,1008,363,fouls.conceded
1000204,100010,1009,475,fouls.won
1000205,100010,1010,533,fouls.won
1000206,100010,1011,609,fouls.won
1000207,100010,1012,668,fouls.conceded
1000208,100010,1013,695,fouls.conceded
1000209,100010,1014,697,fouls.conceded
1000210,100010,1015,825,fouls.won
1000211,100010,1016,827,fouls.won
1000212,100010,1017,906,fouls.won
1000213,100010,1018,938,fouls.won
1000214,100010,1019,987,fouls.conceded
1000215,100010,1020,1048,fouls.won
1000216,100010,1021,1081,fouls.won
1000217,100010,1022,1138,fouls.won
1000218,100010,1023,1154,fouls.won
1000219,100010,1024,1230,fouls.won
1000220,100010,1025,1261,fouls.won
1000221,100002,1001,40,fouls.won
1000222,100002,1002,149,fouls.won
1000223,100002,1003,202,fouls.won
1000224,100002,1004,351,fouls.won
1000225,100002,1005,365,fouls.conceded
1000226,100002,1006,840,fouls.conceded
1000227,100002,1007,963,fouls.won
1000228,100002,1008,1024,fouls.won
1000229,100002,1009,1159,fouls.won
1000230,100002,1010,1264,fouls.won
1000231,100002,1011,1375,fouls.won
1000232,100001,1001,41,fouls.won
1000233,100001,1002,145,fouls.won
1000234,100001,1003,276,fouls.conceded
1000235,100001,1004,469,fouls.won
1000236,100001,1005,529,fouls.won
1000237,100001,1006,611,fouls.conceded
1000238,100001,1007,694,fouls.conceded
1000239,100001,1008,764,fouls.won
1000240,100001,1009,825,fouls.won
1000241,100001,1010,1113,penalties.won
1000242,100001,1011,1430,fouls.won
1000243,100001,1012,1447,fouls.conceded
1000244,100001,1013,1456,fouls.won
1000245,100001,1014,1465,fouls.conceded
1000246,100001,1015,1514,fouls.won
1000247,100025,1001,31,fouls.won
1000248,100025,1002,46,fouls.won
1000249,100025,1003,66,fouls.won
1000250,100025,1004,135,fouls.conceded
1000251,100025,1005,219,fouls.won
1000252,100025,1006,253,fouls.won
1000253,100025,1007,266,fouls.won
1000254,100025,1008,271,fouls.conceded
1000255,100025,1009,317,fouls.won
1000256,100025,1010,384,fouls.conceded
1000257,100025,1011,427,fouls.won
1000258,100025,1012,431,fouls.won
1000259,100025,1013,468,fouls.won
1000260,100025,1014,501,fouls.won
1000261,100025,1015,544,fouls.won
1000262,100025,1016,588,fouls.won
1000263,100025,1017,634,fouls.won
1000264,100025,1018,701,fouls.won
1000265,100025,1019,713,fouls.won
1000266,100025,1020,775,fouls.won
1000267,100025,1021,899,fouls.won
1000268,100025,1022,973,fouls.won
1000269,100025,1023,1053,fouls.won
1000270,100025,1024,1063,fouls.conceded
1000271,100025,1025,1071,fouls.won
1000272,100025,1026,1132,fouls.won
1000273,100025,1027,1157,fouls.won
1000274,100025,1028,1229,fouls.won
1000275,100026,1001,33,fouls.won
1000276,100026,1002,168,fouls.won
1000277,100026,1003,461,fouls.conceded
1000278,100026,1004,481,fouls.won
1000279,100026,1005,589,fouls.conceded
1000280,100026,1006,598,fouls.won
1000281,100026,1007,608,fouls.won
1000282,100026,1008,739,fouls.won
1000283,100026,1009,781,fouls.won
1000284,100026,1010,807,fouls.won
1000285,100026,1011,815,fouls.won
1000286,100026,1012,875,fouls.won
1000287,100026,1013,888,fouls.conceded
1000288,100026,1014,900,fouls.won
1000289,100026,1015,1034,fouls.won
1000290,100030,1001,71,fouls.won
1000291,100030,1002,146,fouls.won
1000292,100030,1003,271,fouls.conceded
1000293,100030,1004,297,fouls.won
1000294,100030,1005,343,fouls.won
1000295,100030,1006,406,fouls.won
1000296,100030,1007,447,fouls.won
1000297,100030,1008,459,fouls.won
1000298,100030,1009,495,fouls.conceded
1000299,100030,1010,633,fouls.won
1000300,100030,1011,730,fouls.won
1000301,100030,1012,735,fouls.won
1000302,100030,1013,775,fouls.conceded
1000303,100030,1014,862,fouls.won
1000304,100030,1015,884,fouls.won
1000305,100030,1016,980,fouls.won
1000306,100030,1017,1033,fouls.won
1000307,100030,1018,1210,fouls.won
1000308,100030,1019,1281,fouls.won
1000309,100009,1001,134,fouls.won
1000310,100009,1002,217,fouls.won
1000311,100009,1003,231,fouls.won
1000312,100009,1004,487,fouls.won
1000313,100009,1005,490,fouls.won
1000314,100009,1006,497,fouls.won
1000315,100009,1007,513,fouls.won
1000316,100009,1008,529,fouls.won
1000317,100009,1009,638,fouls.won
1000318,100009,1010,775,fouls.won
1000319,100009,1011,1068,fouls.won
1000320,100009,1012,1134,fouls.won
1000321,100009,1013,1160,fouls.conceded
1000322,100009,1014,1172,fouls.won
1000323,100009,1015,1183,fouls.conceded
1000324,100009,1016,1204,fouls.won
1000325,100027,1001,195,fouls.conceded
1000326,100027,1002,317,fouls.won
1000327,100027,1003,320,fouls.conceded
1000328,100027,1004,432,fouls.won
1000329,100027,1005,517,fouls.won
1000330,100027,1006,547,fouls.won
1000331,100027,1007,596,fouls.won
1000332,100027,1008,773,fouls.won
1000333,100027,1009,776,fouls.won
1000334,100027,1010,782,fouls.won
1000335,100027,1011,829,fouls.conceded
1000336,100027,1012,901,fouls.won
1000337,100027,1013,930,fouls.won
1000338,100027,1014,955,fouls.won
1000339,100027,1015,1012,fouls.won
1000340,100027,1016,1082,fouls.won
1000341,100027,1017,1123,fouls.conceded
1000342,100027,1018,1278,fouls.won
1000343,100027,1019,1288,fouls.won
1000344,100028,1001,41,fouls.won
1000345,100028,1002,116,fouls.won
1000346,100028,1003,216,fouls.won
1000347,100028,1004,448,fouls.won
1000348,100028,1005,495,fouls.won
1000349,100028,1006,519,fouls.conceded
1000350,100028,1007,568,fouls.won
1000351,100028,1008,776,fouls.won
1000352,100028,1009,834,fouls.won
1000353,100028,1010,843,fouls.won
1000354,100028,1011,890,fouls.won
1000355,100028,1012,1005,fouls.won
1000356,100028,1013,1073,fouls.won
1000357,100028,1014,1112,fouls.won
1000358,100029,1001,36,fouls.won
1000359,100029,1002,99,fouls.won
1000360,100029,1003,157,fouls.won
1000361,100029,1004,359,fouls.conceded
1000362,100029,1005,368,fouls.conceded
1000363,100029,1006,387,fouls.won
1000364,100029,1007,501,fouls.won
1000365,100029,1008,509,fouls.won
1000366,100029,1009,622,fouls.won
1000367,100029,1010,759,fouls.conceded
1000368,100029,1011,805,fouls.won
1000369,100029,1012,875,fouls.won
1000370,100029,1013,900,fouls.won
1000371,100029,1014,1026,fouls.won
1000372,100029,1015,1168,fouls.won
1000373,100029,1016,1174,fouls.won
1000374,100029,1017,1201,fouls.won
1000375,100029,1018,1239,fouls.won
1000376,100029,1019,1319,fouls.won
1000377,100029,1020,1331,fouls.won
1000378,100032,1001,32,fouls.won
1000379,100032,1002,83,fouls.won
1000380,100032,1003,132,fouls.won
1000381,100032,1004,135,fouls.conceded
1000382,100032,1005,246,fouls.conceded
1000383,100032,1006,273,fouls.won
1000384,100032,1007,295,fouls.won
1000385,100032,1008,366,fouls.won
1000386,100032,1009,433,fouls.won
1000387,100032,1010,497,fouls.won
1000388,100032,1011,609,fouls.conceded
1000389,100032,1012,639,fouls.won
1000390,100032,1013,682,fouls.won
1000391,100032,1014,685,fouls.won
1000392,100032,1015,722,fouls.won
1000393,100032,1016,780,fouls.conceded
1000394,100032,1017,945,fouls.won
1000395,100032,1018,1022,fouls.conceded
1000396,100032,1019,1033,fouls.won
1000397,100032,1020,1048,fouls.conceded
1000398,100032,1021,1241,fouls.won
1000399,100032,1022,1261,fouls.won
1000400,100032,1023,1271,fouls.won
1000401,100033,1001,118,fouls.won
1000402,100033,1002,126,fouls.won
1000403,100033,1003,277,fouls.won
1000404,100033,1004,320,fouls.won
1000405,100033,1005,323,fouls.won
1000406,100033,1006,551,fouls.won
1000407,100033,1007,659,fouls.won
1000408,100033,1008,665,fouls.won
1000409,100033,1009,690,fouls.won
1000410,100033,1010,721,fouls.won
1000411,100033,1011,827,fouls.conceded
1000412,100033,1012,967,fouls.won
1000413,100033,1013,970,fouls.conceded
1000414,100033,1014,992,fouls.won
1000415,100033,1015,1078,fouls.won
1000416,100033,1016,1081,fouls.conceded
1000417,100033,1017,1082,yellow.cards
1000418,100033,1018,1095,fouls.conceded
1000419,100033,1019,1165,fouls.won
1000420,100033,1020,1200,fouls.won
1000421,100033,1021,1228,fouls.won
1000422,100033,1022,1234,fouls.won
1000423,100033,1023,1327,fouls.won
1000424,100033,1024,1345,fouls.won
1000425,100031,1001,208,fouls.conceded
1000426,100031,1002,315,fouls.won
1000427,100031,1003,400,fouls.won
1000428,100031,1004,679,fouls.won
1000429,100031,1005,764,fouls.won
1000430,100031,1006,825,fouls.won
1000431,100031,1007,1210,fouls.won
1000432,100031,1008,1252,fouls.won
1000433,100031,1009,1273,fouls.conceded
1000434,100031,1010,1338,fouls.conceded
1000435,100143,1001,30,fouls.won
1000436,100143,1002,33,fouls.won
1000437,100143,1003,46,fouls.won
1000438,100143,1004,52,fouls.conceded
1000439,100143,1005,232,fouls.won
1000440,100143,1006,567,fouls.won
1000441,100143,1007,721,fouls.conceded
1000442,100143,1008,759,fouls.won
1000443,100143,1009,1019,fouls.conceded
1000444,100143,1010,1186,fouls.conceded
1000445,100143,1011,1348,fouls.conceded
1000446,100142,1001,112,fouls.won
1000447,100142,1002,133,fouls.won
1000448,100142,1003,228,fouls.won
1000449,100142,1004,831,fouls.won
1000450,100142,1005,910,fouls.won
1000451,100142,1006,932,fouls.won
1000452,100142,1007,1163,fouls.won
1000453,100142,1008,1187,fouls.won
1000454,100142,1009,1267,fouls.won
1000455,100142,1010,1269,fouls.won
1000456,100142,1011,1276,fouls.won
1000457,100142,1012,1348,fouls.conceded
1000458,100147,1001,647,fouls.conceded
1000459,100147,1002,762,fouls.won
1000460,100147,1003,973,fouls.won
1000461,100147,1004,1069,fouls.won
1000462,100147,1005,1136,fouls.won
1000463,100147,1006,1181,fouls.conceded
1000464,100147,1007,1229,fouls.won
1000465,100146,1001,136,fouls.won
1000466,100146,1002,180,fouls.won
1000467,100146,1003,631,fouls.won
1000468,100146,1004,654,fouls.won
1000469,100146,1005,742,fouls.won
1000470,100146,1006,770,fouls.won
1000471,100146,1007,985,fouls.won
1000472,100146,1008,1009,fouls.conceded
1000473,100146,1009,1050,fouls.won
1000474,100146,1010,1124,fouls.conceded
1000475,100140,1001,23,fouls.won
1000476,100140,1002,86,fouls.won
1000477,100140,1003,102,fouls.won
1000478,100140,1004,172,fouls.won
1000479,100140,1005,300,fouls.conceded
1000480,100140,1006,340,fouls.won
1000481,100140,1007,364,fouls.won
1000482,100140,1008,366,fouls.won
1000483,100140,1009,401,fouls.won
1000484,100140,1010,438,fouls.won
1000485,100140,1011,547,fouls.won
1000486,100140,1012,702,fouls.won
1000487,100140,1013,796,fouls.won
1000488,100140,1014,802,fouls.won
1000489,100140,1015,866,fouls.won
1000490,100140,1016,875,fouls.won
1000491,100140,1017,888,fouls.won
1000492,100140,1018,965,penalties.won
1000493,100140,1019,968,fouls.won
1000494,100140,1020,1045,fouls.won
1000495,100140,1021,1055,fouls.won
1000496,100140,1022,1082,fouls.won
1000497,100140,1023,1091,fouls.won
1000498,100140,1024,1164,fouls.won
1000499,100140,1025,1178,fouls.won
1000500,100140,1026,1191,fouls.won
1000501,100140,1027,1234,fouls.won
1000502,100140,1028,1241,fouls.won
1000503,100140,1029,1247,fouls.won
1000504,100140,1030,1282,fouls.conceded
1000505,100141,1001,144,fouls.won
1000506,100141,1002,233,fouls.won
1000507,100141,1003,252,penalties.won
1000508,100141,1004,472,fouls.won
1000509,100141,1005,495,fouls.won
1000510,100141,1006,572,penalties.won
1000511,100141,1007,594,fouls.won
1000512,100141,1008,783,fouls.won
1000513,100141,1009,795,fouls.won
1000514,100141,1010,827,fouls.conceded
1000515,100141,1011,1090,fouls.conceded
1000516,100141,1012,1113,fouls.conceded
1000517,100141,1013,1148,fouls.won
1000518,100141,1014,1242,fouls.conceded
1000519,100148,1001,22,fouls.conceded
1000520,100148,1002,44,fouls.won
1000521,100148,1003,207,fouls.won
1000522,100148,1004,324,yellow.cards
1000523,100148,1005,495,fouls.conceded
1000524,100148,1006,1015,fouls.won
1000525,100148,1007,1175,yellow.cards
1000526,100006,1001,11,fouls.won
1000527,100006,1002,14,fouls.won
1000528,100006,1003,131,fouls.won
1000529,100006,1004,315,fouls.conceded
1000530,100006,1005,639,fouls.won
1000531,100006,1006,676,fouls.conceded
1000532,100006,1007,710,fouls.won
1000533,100006,1008,940,yellow.cards
1000534,100006,1009,996,fouls.won
1000535,100006,1010,1033,fouls.won
1000536,100006,1011,1069,fouls.won
1000537,100006,1012,1125,fouls.conceded
1000538,100006,1013,1203,fouls.conceded
1000539,100003,1001,127,fouls.won
1000540,100003,1002,142,fouls.won
1000541,100003,1003,162,fouls.won
1000542,100003,1004,324,fouls.won
1000543,100003,1005,342,fouls.won
1000544,100003,1006,488,fouls.won
1000545,100003,1007,517,fouls.won
1000546,100003,1008,564,fouls.won
1000547,100003,1009,793,fouls.conceded
1000548,100003,1010,1139,fouls.won
1000549,100003,1011,1277,fouls.conceded
1000550,100005,1001,51,fouls.conceded
1000551,100005,1002,112,fouls.conceded
1000552,100005,1003,119,fouls.won
1000553,100005,1004,181,fouls.conceded
1000554,100005,1005,203,fouls.won
1000555,100005,1006,222,fouls.won
1000556,100005,1007,241,fouls.won
1000557,100005,1008,317,fouls.won
1000558,100005,1009,418,fouls.won
1000559,100005,1010,469,fouls.won
1000560,100005,1011,683,fouls.conceded
1000561,100005,1012,758,fouls.conceded
1000562,100005,1013,841,fouls.won
1000563,100005,1014,855,fouls.conceded
1000564,100005,1015,935,fouls.conceded
1000565,100005,1016,946,fouls.won
1000566,100005,1017,961,fouls.won
1000567,100005,1018,1104,fouls.won
1000568,100005,1019,1122,fouls.won
1000569,100005,1020,1221,fouls.conceded
1000570,100005,1021,1251,fouls.won
1000571,100005,1022,1326,fouls.won
1000572,100005,1023,1327,yellow.cards
1000573,100005,1024,1337,fouls.won
1000574,100004,1001,187,fouls.conceded
1000575,100004,1002,222,fouls.conceded
1000576,100004,1003,380,fouls.won
1000577,100004,1004,390,fouls.won
1000578,100004,1005,432,fouls.won
1000579,100004,1006,574,fouls.won
1000580,100004,1007,643,fouls.won
1000581,100004,1008,700,fouls.won
1000582,100004,1009,836,fouls.won
1000583,100004,1010,1016,fouls.won
1000584,100004,1011,1059,fouls.won
1000585,100004,1012,1124,fouls.won
1000586,100004,1013,1129,fouls.won
1000587,100004,1014,1191,fouls.won
1000588,100004,1015,1210,fouls.won
1000589,100004,1016,1269,fouls.won
1000590,100004,1017,1308,fouls.won
1000591,100004,1018,1370,fouls.won
1000592,100004,1019,1414,fouls.won
1000593,100004,1020,1434,fouls.won
1000594,100004,1021,1461,fouls.conceded
1000595,100004,1022,1551,fouls.conceded
1000596,100008,1001,365,fouls.won
1000597,100008,1002,531,fouls.won
1000598,100008,1003,538,fouls.won
1000599,100008,1004,729,fouls.won
1000600,100008,1005,733,fouls.won
1000601,100008,1006,786,fouls.won
1000602,100008,1007,969,fouls.conceded
1000603,100008,1008,975,fouls.won
1000604,100008,1009,1064,fouls.conceded
1000605,100008,1010,1067,fouls.won
1000606,100008,1011,1210,fouls.won
1000607,100007,1001,31,fouls.won
1000608,100007,1002,51,fouls.won
1000609,100007,1003,235,fouls.conceded
1000610,100007,1004,343,fouls.won
1000611,100007,1005,393,fouls.won
1000612,100007,1006,422,fouls.won
1000613,100007,1007,471,fouls.won
1000614,100007,1008,559,fouls.conceded
1000615,100007,1009,676,fouls.won
1000616,100007,1010,691,fouls.won
1000617,100007,1011,702,fouls.conceded
1000618,100007,1012,849,fouls.conceded
1000619,100007,1013,981,fouls.won
1000620,100007,1014,1009,fouls.won
1000621,100007,1015,1095,fouls.won
1000622,100007,1016,1184,fouls.won
1000623,100049,1001,13,fouls.won
1000624,100049,1002,101,fouls.won
1000625,100049,1003,103,fouls.conceded
1000626,100049,1004,215,fouls.won
1000627,100049,1005,284,fouls.won
1000628,100049,1006,346,fouls.won
1000629,100049,1007,420,fouls.conceded
1000630,100049,1008,470,fouls.won
1000631,100049,1009,495,fouls.won
1000632,100049,1010,495,penalties.won
1000633,100049,1011,532,fouls.won
1000634,100049,1012,620,fouls.won
1000635,100049,1013,798,fouls.won
1000636,100049,1014,825,fouls.conceded
1000637,100049,1015,1054,fouls.conceded
1000638,100049,1016,1253,fouls.won
1000639,100049,1017,1287,fouls.conceded
1000640,100063,1001,65,fouls.won
1000641,100063,1002,108,fouls.conceded
1000642,100063,1003,135,fouls.won
1000643,100063,1004,181,fouls.won
1000644,100063,1005,184,fouls.conceded
1000645,100063,1006,244,fouls.conceded
1000646,100063,1007,247,fouls.conceded
1000647,100063,1008,267,fouls.conceded
1000648,100063,1009,329,fouls.won
1000649,100063,1010,432,fouls.won
1000650,100063,1011,470,fouls.won
1000651,100063,1012,477,fouls.conceded
1000652,100063,1013,605,fouls.won
1000653,100063,1014,622,fouls.conceded
1000654,100063,1015,684,fouls.won
1000655,100063,1016,727,fouls.won
1000656,100063,1017,786,fouls.won
1000657,100063,1018,874,fouls.conceded
1000658,100063,1019,1020,fouls.won
1000659,100063,1020,1166,fouls.won
1000660,100063,1021,1342,fouls.won
1000661,100063,1022,1343,yellow.cards
1000662,100063,1023,1346,fouls.won
1000663,100063,1024,1355,fouls.won
1000664,100113,1001,132,fouls.won
1000665,100113,1002,203,fouls.won
1000666,100113,1003,345,fouls.conceded
1000667,100113,1004,347,fouls.won
1000668,100113,1005,404,fouls.won
1000669,100113,1006,521,fouls.conceded
1000670,100113,1007,527,fouls.conceded
1000671,100113,1008,613,fouls.won
1000672,100113,1009,663,fouls.won
1000673,100113,1010,682,fouls.conceded
1000674,100113,1011,906,fouls.won
1000675,100113,1012,962,fouls.won
1000676,100113,1013,1071,fouls.won
1000677,100113,1014,1275,fouls.won
1000678,100113,1015,1375,fouls.conceded
1000679,100113,1016,1465,fouls.won
1000680,100105,1001,10,fouls.won
1000681,100105,1002,99,fouls.won
1000682,100105,1003,128,fouls.conceded
1000683,100105,1004,199,fouls.won
1000684,100105,1005,308,fouls.won
1000685,100105,1006,329,fouls.won
1000686,100105,1007,343,fouls.won
1000687,100105,1008,348,fouls.won
1000688,100105,1009,406,fouls.won
1000689,100105,1010,408,fouls.conceded
1000690,100105,1011,522,fouls.won
1000691,100105,1012,637,fouls.won
1000692,100105,1013,639,fouls.conceded
1000693,100105,1014,699,fouls.won
1000694,100105,1015,731,fouls.won
1000695,100105,1016,824,fouls.won
1000696,100105,1017,1013,fouls.conceded
1000697,100105,1018,1162,fouls.won
1000698,100105,1019,1221,fouls.won
1000699,100105,1020,1275,fouls.won
1000700,100105,1021,1285,yellow.cards
1000701,100046,1001,100,fouls.conceded
1000702,100046,1002,102,fouls.conceded
1000703,100046,1003,107,fouls.won
1000704,100046,1004,186,fouls.won
1000705,100046,1005,208,fouls.conceded
1000706,100046,1006,211,fouls.conceded
1000707,100046,1007,241,fouls.won
1000708,100046,1008,415,fouls.conceded
1000709,100046,1009,421,fouls.conceded
1000710,100046,1010,435,fouls.won
1000711,100046,1011,457,fouls.won
1000712,100046,1012,500,fouls.won
1000713,100046,1013,508,fouls.won
1000714,100046,1014,539,fouls.won
1000715,100046,1015,602,fouls.won
1000716,100046,1016,785,fouls.conceded
1000717,100046,1017,787,fouls.conceded
1000718,100046,1018,889,fouls.won
1000719,100046,1019,1008,fouls.won
1000720,100046,1020,1055,fouls.won
1000721,100046,1021,1111,fouls.conceded
1000722,100046,1022,1111,yellow.cards
1000723,100046,1023,1141,fouls.won
1000724,100046,1024,1160,fouls.won
1000725,100046,1025,1171,fouls.won
1000726,100046,1026,1175,fouls.won
1000727,100046,1027,1242,fouls.conceded
1000728,100046,1028,1242,yellow.cards
1000729,100046,1029,1245,fouls.conceded
1000730,100046,1030,1245,yellow.cards
1000731,100097,1001,93,fouls.won
1000732,100097,1002,291,fouls.won
1000733,100097,1003,300,fouls.conceded
1000734,100097,1004,407,fouls.conceded
1000735,100097,1005,414,penalties.won
1000736,100097,1006,616,fouls.won
1000737,100097,1007,656,fouls.won
1000738,100097,1008,740,fouls.won
1000739,100097,1009,902,fouls.won
1000740,100097,1010,911,fouls.won
1000741,100097,1011,1279,fouls.won
1000742,100097,1012,1351,fouls.won
1000743,100097,1013,1378,fouls.won
1000744,100097,1014,1385,fouls.won
1000745,100097,1015,1439,fouls.conceded
1000746,100097,1016,1508,fouls.won
1000747,100043,1001,76,fouls.won
1000748,100043,1002,130,fouls.won
1000749,100043,1003,286,fouls.won
1000750,100043,1004,305,fouls.conceded
1000751,100043,1005,449,fouls.conceded
1000752,100043,1006,486,fouls.won
1000753,100043,1007,494,fouls.won
1000754,100043,1008,624,fouls.won
1000755,100043,1009,665,fouls.conceded
1000756,100043,1010,706,fouls.conceded
1000757,100043,1011,706,yellow.cards
1000758,100043,1012,761,fouls.won
1000759,100043,1013,799,fouls.won
1000760,100043,1014,844,fouls.won
1000761,100043,1015,847,fouls.won
1000762,100043,1016,924,fouls.won
1000763,100043,1017,967,fouls.won
1000764,100043,1018,1048,fouls.won
1000765,100043,1019,1078,fouls.won
1000766,100043,1020,1116,fouls.won
1000767,100043,1021,1250,fouls.won
1000768,100068,1001,116,fouls.won
1000769,100068,1002,198,penalties.won
1000770,100068,1003,269,fouls.won
1000771,100068,1004,417,fouls.won
1000772,100068,1005,472,fouls.won
1000773,100068,1006,487,fouls.won
1000774,100068,1007,551,fouls.won
1000775,100068,1008,667,fouls.conceded
1000776,100068,1009,670,fouls.conceded
1000777,100068,1010,752,fouls.won
1000778,100068,1011,759,fouls.won
1000779,100068,1012,801,fouls.won
1000780,100068,1013,843,fouls.won
1000781,100068,1014,1049,fouls.conceded
1000782,100068,1015,1246,fouls.won
1000783,100121,1001,80,fouls.conceded
1000784,100121,1002,125,fouls.won
1000785,100121,1003,126,fouls.won
1000786,100121,1004,177,fouls.conceded
1000787,100121,1005,182,fouls.conceded
1000788,100121,1006,222,fouls.won
1000789,100121,1007,226,fouls.won
1000790,100121,1008,338,fouls.conceded
1000791,100121,1009,410,fouls.won
1000792,100121,1010,823,fouls.won
1000793,100121,1011,872,fouls.won
1000794,100121,1012,894,fouls.won
1000795,100121,1013,902,fouls.won
1000796,100121,1014,904,fouls.won
1000797,100121,1015,938,fouls.won
1000798,100121,1016,1193,fouls.won
1000799,100130,1001,17,fouls.won
1000800,100130,1002,244,fouls.won
1000801,100130,1003,282,fouls.won
1000802,100130,1004,307,fouls.won
1000803,100130,1005,309,fouls.conceded
1000804,100130,1006,322,fouls.won
1000805,100130,1007,451,fouls.won
1000806,100130,1008,507,fouls.won
1000807,100130,1009,574,fouls.conceded
1000808,100130,1010,646,yellow.cards
1000809,100130,1011,858,fouls.conceded
1000810,100130,1012,870,fouls.won
1000811,100130,1013,986,penalties.won
1000812,100130,1014,993,fouls.won
1000813,100130,1015,998,fouls.conceded
1000814,100130,1016,1103,fouls.conceded
1000815,100130,1017,1108,fouls.won
1000816,100130,1018,1189,fouls.won
1000817,100130,1019,1305,fouls.conceded
1000818,100130,1020,1308,fouls.conceded
1000819,100074,1001,339,fouls.won
1000820,100074,1002,434,fouls.conceded
1000821,100074,1003,571,fouls.conceded
1000822,100074,1004,789,fouls.won
1000823,100074,1005,792,fouls.conceded
1000824,100074,1006,796,fouls.won
1000825,100074,1007,798,yellow.cards
1000826,100074,1008,847,fouls.won
1000827,100074,1009,852,fouls.conceded
1000828,100074,1010,955,fouls.conceded
1000829,100074,1011,1034,fouls.won
1000830,100074,1012,1038,fouls.won
1000831,100074,1013,1081,fouls.conceded
1000832,100074,1014,1299,fouls.won
1000833,100074,1015,1302,fouls.conceded
1000834,100103,1001,15,fouls.won
1000835,100103,1002,187,fouls.won
1000836,100103,1003,209,fouls.won
1000837,100103,1004,267,fouls.won
1000838,100103,1005,565,fouls.conceded
1000839,100103,1006,641,fouls.won
1000840,100103,1007,680,fouls.won
1000841,100103,1008,794,fouls.won
1000842,100103,1009,798,fouls.conceded
1000843,100103,1010,804,fouls.won
1000844,100103,1011,873,fouls.won
1000845,100103,1012,899,fouls.conceded
1000846,100103,1013,1055,fouls.won
1000847,100122,1001,247,fouls.conceded
1000848,100122,1002,303,fouls.won
1000849,100122,1003,326,fouls.won
1000850,100122,1004,409,fouls.won
1000851,100122,1005,447,fouls.conceded
1000852,100122,1006,687,fouls.conceded
1000853,100122,1007,764,fouls.conceded
1000854,100122,1008,779,fouls.won
1000855,100122,1009,869,fouls.won
1000856,100122,1010,1054,fouls.won
1000857,100122,1011,1297,fouls.won
1000858,100122,1012,1349,fouls.conceded
1000859,100122,1013,1350,yellow.cards
1000860,100099,1001,176,fouls.won
1000861,100099,1002,303,fouls.won
1000862,100099,1003,314,fouls.won
1000863,100099,1004,318,fouls.won
1000864,100099,1005,543,fouls.conceded
1000865,100099,1006,548,fouls.won
1000866,100099,1007,555,fouls.won
1000867,100099,1008,624,fouls.won
1000868,100099,1009,670,fouls.won
1000869,100099,1010,752,fouls.conceded
1000870,100099,1011,795,fouls.won
1000871,100099,1012,802,fouls.won
1000872,100099,1013,886,fouls.conceded
1000873,100099,1014,903,fouls.conceded
1000874,100099,1015,951,fouls.won
1000875,100099,1016,1033,fouls.conceded
1000876,100099,1017,1047,fouls.conceded
1000877,100099,1018,1095,fouls.conceded
1000878,100099,1019,1101,fouls.conceded
1000879,100099,1020,1108,fouls.won
1000880,100047,1001,86,fouls.won
1000881,100047,1002,359,fouls.conceded
1000882,100047,1003,489,fouls.won
1000883,100047,1004,500,fouls.won
1000884,100047,1005,517,fouls.conceded
1000885,100047,1006,606,fouls.won
1000886,100047,1007,650,fouls.won
1000887,100047,1008,661,fouls.won
1000888,100047,1009,666,fouls.conceded
1000889,100047,1010,752,fouls.won
1000890,100047,1011,825,fouls.won
1000891,100047,1012,827,fouls.conceded
1000892,100047,1013,925,fouls.won
1000893,100047,1014,931,fouls.won
1000894,100047,1015,1087,fouls.won
1000895,100047,1016,1330,fouls.won
1000896,100071,1001,154,fouls.conceded
1000897,100071,1002,279,fouls.won
1000898,100071,1003,299,fouls.conceded
1000899,100071,1004,324,fouls.conceded
1000900,100071,1005,360,fouls.conceded
1000901,100071,1006,377,fouls.won
1000902,100071,1007,398,fouls.won
1000903,100071,1008,561,fouls.won
1000904,100071,1009,594,fouls.won
1000905,100071,1010,666,fouls.won
1000906,100071,1011,670,fouls.won
1000907,100071,1012,721,fouls.won
1000908,100071,1013,776,fouls.won
1000909,100071,1014,868,fouls.won
1000910,100071,1015,895,fouls.conceded
1000911,100071,1016,917,fouls.won
1000912,100071,1017,1034,fouls.won
1000913,100071,1018,1037,fouls.won
1000914,100071,1019,1065,fouls.won
1000915,100071,1020,1130,fouls.won
1000916,100071,1021,1207,fouls.won
1000917,100071,1022,1252,fouls.won
1000918,100066,1001,330,fouls.won
1000919,100066,1002,537,fouls.won
1000920,100066,1003,576,fouls.conceded
1000921,100066,1004,916,fouls.conceded
1000922,100066,1005,1144,fouls.won
1000923,100066,1006,1163,fouls.won
1000924,100066,1007,1185,fouls.won
1000925,100066,1008,1215,fouls.won
1000926,100066,1009,1346,fouls.conceded
1000927,100066,1010,1403,fouls.won
1000928,100117,1001,21,fouls.conceded
1000929,100117,1002,27,fouls.won
1000930,100117,1003,112,fouls.conceded
1000931,100117,1004,135,fouls.won
1000932,100117,1005,771,fouls.won
1000933,100117,1006,816,fouls.conceded
1000934,100117,1007,858,fouls.won
1000935,100117,1008,886,fouls.won
1000936,100117,1009,898,fouls.won
1000937,100117,1010,1186,fouls.won
1000938,100117,1011,1240,fouls.won
1000939,100117,1012,1315,fouls.won
1000940,100131,1001,228,fouls.won
1000941,100131,1002,230,fouls.won
1000942,100131,1003,337,fouls.won
1000943,100131,1004,361,fouls.won
1000944,100131,1005,755,fouls.won
1000945,100131,1006,796,fouls.won
1000946,100131,1007,952,fouls.won
1000947,100131,1008,995,fouls.won
1000948,100131,1009,1101,fouls.won
1000949,100131,1010,1128,fouls.won
1000950,100039,1001,185,fouls.won
1000951,100039,1002,348,fouls.won
1000952,100039,1003,968,fouls.won
1000953,100039,1004,1040,fouls.won
1000954,100039,1005,1133,fouls.conceded
1000955,100039,1006,1176,fouls.conceded
1000956,100039,1007,1221,fouls.won
1000957,100039,1008,1249,fouls.won
1000958,100112,1001,44,fouls.conceded
1000959,100112,1002,55,fouls.won
1000960,100112,1003,539,fouls.conceded
1000961,100112,1004,561,fouls.won
1000962,100112,1005,634,fouls.conceded
1000963,100112,1006,981,fouls.conceded
1000964,100112,1007,1035,fouls.won
1000965,100112,1008,1047,fouls.won
1000966,100112,1009,1070,fouls.won
1000967,100112,1010,1130,fouls.won
1000968,100112,1011,1159,fouls.won
1000969,100112,1012,1190,fouls.won
1000970,100112,1013,1220,fouls.conceded
1000971,100112,1014,1241,fouls.won
1000972,100112,1015,1258,fouls.conceded
1000973,100055,1001,260,fouls.conceded
1000974,100055,1002,331,fouls.won
1000975,100055,1003,371,fouls.won
1000976,100055,1004,374,fouls.won
1000977,100055,1005,378,fouls.won
1000978,100055,1006,426,fouls.won
1000979,100055,1007,432,fouls.won
1000980,100055,1008,466,fouls.won
1000981,100055,1009,545,fouls.won
1000982,100055,1010,647,fouls.won
1000983,100055,1011,781,fouls.won
1000984,100055,1012,866,fouls.won
1000985,100055,1013,1265,fouls.won
1000986,100055,1014,1311,fouls.won
1000987,100055,1015,1320,fouls.won
1000988,100055,1016,1382,fouls.won
1000989,100055,1017,1412,fouls.conceded
1000990,100055,1018,1461,fouls.conceded
1000991,100055,1019,1490,fouls.won
1000992,100055,1020,1511,fouls.won
1000993,100127,1001,208,fouls.won
1000994,100127,1002,244,fouls.won
1000995,100127,1003,322,fouls.won
1000996,100127,1004,340,fouls.conceded
1000997,100127,1005,378,fouls.won
1000998,100127,1006,391,fouls.won
1000999,100127,1007,456,fouls.won
1001000,100127,1008,480,fouls.won
1001001,100127,1009,517,fouls.won
1001002,100127,1010,523,fouls.won
1001003,100127,1011,592,fouls.won
1001004,100127,1012,597,fouls.conceded
1001005,100127,1013,602,fouls.conceded
1001006,100127,1014,842,fouls.won
1001007,100127,1015,889,fouls.won
1001008,100127,1016,905,fouls.conceded
1001009,100127,1017,914,fouls.won
1001010,100127,1018,955,fouls.won
1001011,100127,1019,1002,fouls.won
1001012,100127,1020,1134,fouls.won
1001013,100052,1001,370,fouls.conceded
1001014,100052,1002,396,fouls.conceded
1001015,100052,1003,584,fouls.won
1001016,100052,1004,644,fouls.won
1001017,100052,1005,665,fouls.won
1001018,100052,1006,696,fouls.won
1001019,100052,1007,725,fouls.won
1001020,100052,1008,746,fouls.conceded
1001021,100052,1009,783,fouls.won
1001022,100052,1010,795,fouls.won
1001023,100052,1011,885,fouls.won
1001024,100052,1012,961,fouls.conceded
1001025,100052,1013,989,fouls.won
1001026,100052,1014,1011,fouls.won
1001027,100052,1015,1024,fouls.conceded
1001028,100052,1016,1140,fouls.won
1001029,100052,1017,1179,fouls.won
1001030,100052,1018,1190,fouls.conceded
1001031,100052,1019,1256,fouls.won
1001032,100052,1020,1301,penalties.won
1001033,100052,1021,1329,fouls.conceded
1001034,100065,1001,136,fouls.conceded
1001035,100065,1002,188,fouls.won
1001036,100065,1003,324,fouls.won
1001037,100065,1004,365,fouls.won
1001038,100065,1005,473,fouls.won
1001039,100065,1006,475,fouls.won
1001040,100065,1007,536,fouls.won
1001041,100065,1008,663,fouls.won
1001042,100065,1009,868,fouls.won
1001043,100065,1010,1027,fouls.won
1001044,100065,1011,1073,fouls.won
1001045,100065,1012,1158,fouls.won
1001046,100065,1013,1215,fouls.won
1001047,100065,1014,1234,fouls.won
1001048,100065,1015,1369,fouls.won
1001049,100065,1016,1385,fouls.conceded
1001050,100065,1017,1410,fouls.won
1001051,100040,1001,25,fouls.won
1001052,100040,1002,142,fouls.conceded
1001053,100040,1003,146,fouls.won
1001054,100040,1004,193,fouls.won
1001055,100040,1005,207,fouls.won
1001056,100040,1006,296,fouls.conceded
1001057,100040,1007,310,penalties.won
1001058,100040,1008,355,fouls.won
1001059,100040,1009,372,fouls.won
1001060,100040,1010,451,fouls.won
1001061,100040,1011,528,fouls.won
1001062,100040,1012,566,fouls.won
1001063,100040,1013,629,fouls.won
1001064,100040,1014,643,fouls.won
1001065,100040,1015,762,fouls.conceded
1001066,100040,1016,762,yellow.cards
1001067,100040,1017,762,red.cards
1001068,100040,1018,894,fouls.won
1001069,100040,1019,972,fouls.conceded
1001070,100040,1020,996,fouls.won
1001071,100040,1021,1004,fouls.won
1001072,100040,1022,1052,fouls.won
1001073,100040,1023,1106,fouls.won
1001074,100040,1024,1263,fouls.conceded
1001075,100040,1025,1350,fouls.won
1001076,100040,1026,1412,fouls.won
1001077,100118,1001,83,fouls.won
1001078,100118,1002,101,fouls.won
1001079,100118,1003,282,fouls.won
1001080,100118,1004,448,fouls.won
1001081,100118,1005,501,fouls.won
1001082,100118,1006,516,fouls.won
1001083,100118,1007,595,fouls.won
1001084,100118,1008,620,fouls.conceded
1001085,100118,1009,642,fouls.won
1001086,100118,1010,765,fouls.won
1001087,100118,1011,874,fouls.won
1001088,100118,1012,905,fouls.won
1001089,100118,1013,1167,fouls.won
1001090,100118,1014,1189,fouls.won
1001091,100118,1015,1205,fouls.conceded
1001092,100118,1016,1287,fouls.won
1001093,100118,1017,1313,fouls.won
1001094,100118,1018,1352,fouls.won
1001095,100082,1001,66,fouls.won
1001096,100082,1002,96,fouls.conceded
1001097,100082,1003,118,fouls.conceded
1001098,100082,1004,128,fouls.conceded
1001099,100082,1005,191,fouls.won
1001100,100082,1006,213,fouls.won
1001101,100082,1007,618,fouls.won
1001102,100082,1008,929,fouls.won
1001103,100082,1009,1075,fouls.conceded
1001104,100082,1010,1150,fouls.won
1001105,100082,1011,1169,fouls.won
1001106,100082,1012,1256,fouls.won
1001107,100082,1013,1302,fouls.won
1001108,100082,1014,1311,fouls.won
1001109,100095,1001,125,fouls.won
1001110,100095,1002,210,fouls.won
1001111,100095,1003,287,fouls.won
1001112,100095,1004,294,fouls.won
1001113,100095,1005,301,fouls.won
1001114,100095,1006,341,fouls.conceded
1001115,100095,1007,406,fouls.conceded
1001116,100095,1008,416,fouls.won
1001117,100095,1009,507,fouls.won
1001118,100095,1010,606,fouls.won
1001119,100095,1011,662,fouls.won
1001120,100095,1012,711,fouls.won
1001121,100095,1013,733,fouls.won
1001122,100095,1014,769,fouls.won
1001123,100095,1015,824,fouls.won
1001124,100095,1016,856,fouls.won
1001125,100095,1017,885,fouls.won
1001126,100095,1018,948,fouls.won
1001127,100095,1019,967,fouls.won
1001128,100095,1020,997,fouls.won
1001129,100095,1021,1004,fouls.conceded
1001130,100095,1022,1018,fouls.won
1001131,100095,1023,1066,fouls.conceded
1001132,100095,1024,1123,fouls.won
1001133,100095,1025,1127,fouls.conceded
1001134,100036,1001,71,fouls.conceded
1001135,100036,1002,100,fouls.won
1001136,100036,1003,185,fouls.won
1001137,100036,1004,332,fouls.won
1001138,100036,1005,559,fouls.won
1001139,100036,1006,615,fouls.conceded
1001140,100036,1007,630,fouls.won
1001141,100036,1008,732,fouls.won
1001142,100036,1009,819,fouls.conceded
1001143,100036,1010,837,fouls.conceded
1001144,100036,1011,1073,fouls.conceded
1001145,100036,1012,1128,fouls.won
1001146,100036,1013,1168,fouls.won
1001147,100036,1014,1185,fouls.won
1001148,100036,1015,1285,fouls.won
1001149,100036,1016,1416,penalties.won
1001150,100126,1001,120,fouls.won
1001151,100126,1002,194,fouls.conceded
1001152,100126,1003,252,fouls.conceded
1001153,100126,1004,393,fouls.won
1001154,100126,1005,449,fouls.conceded
1001155,100126,1006,490,fouls.won
1001156,100126,1007,540,fouls.conceded
1001157,100126,1008,708,fouls.won
1001158,100126,1009,830,fouls.won
1001159,100126,1010,840,fouls.won
1001160,100126,1011,886,fouls.won
1001161,100126,1012,1043,fouls.conceded
1001162,100126,1013,1090,fouls.won
1001163,100126,1014,1183,penalties.won
1001164,100126,1015,1183,fouls.won
1001165,100126,1016,1294,fouls.won
1001166,100126,1017,1303,fouls.conceded
1001167,100126,1018,1318,fouls.won
1001168,100126,1019,1329,fouls.won
1001169,100035,1001,14,fouls.won
1001170,100035,1002,131,fouls.won
1001171,100035,1003,181,fouls.conceded
1001172,100035,1004,219,fouls.won
1001173,100035,1005,266,fouls.won
1001174,100035,1006,278,fouls.won
1001175,100035,1007,445,fouls.conceded
1001176,100035,1008,710,fouls.won
1001177,100035,1009,852,fouls.won
1001178,100035,1010,884,fouls.conceded
1001179,100035,1011,1077,fouls.won
1001180,100077,1001,9,fouls.won
1001181,100077,1002,103,fouls.conceded
1001182,100077,1003,158,fouls.won
1001183,100077,1004,203,fouls.won
1001184,100077,1005,317,fouls.won
1001185,100077,1006,515,fouls.conceded
1001186,100077,1007,589,fouls.won
1001187,100077,1008,673,fouls.conceded
1001188,100077,1009,842,fouls.won
1001189,100077,1010,891,fouls.won
1001190,100077,1011,927,fouls.won
1001191,100077,1012,947,fouls.won
1001192,100077,1013,965,fouls.won
1001193,100077,1014,1090,fouls.won
1001194,100077,1015,1125,fouls.won
1001195,100077,1016,1216,fouls.conceded
1001196,100059,1001,113,fouls.conceded
1001197,100059,1002,270,fouls.won
1001198,100059,1003,382,fouls.won
1001199,100059,1004,393,fouls.won
1001200,100059,1005,578,fouls.won
1001201,100059,1006,589,fouls.conceded
1001202,100059,1007,620,fouls.conceded
1001203,100059,1008,769,fouls.won
1001204,100059,1009,794,fouls.won
1001205,100059,1010,843,fouls.conceded
1001206,100059,1011,938,fouls.won
1001207,100059,1012,958,fouls.won
1001208,100059,1013,995,fouls.won
1001209,100059,1014,1045,fouls.won
1001210,100059,1015,1147,fouls.won
1001211,100059,1016,1154,fouls.won
1001212,100059,1017,1177,fouls.won
1001213,100059,1018,1281,fouls.won
1001214,100059,1019,1283,fouls.won
1001215,100059,1020,1314,fouls.won
1001216,100114,1001,112,fouls.won
1001217,100114,1002,141,fouls.won
1001218,100114,1003,321,fouls.won
1001219,100114,1004,488,fouls.won
1001220,100114,1005,664,fouls.conceded
1001221,100114,1006,670,fouls.won
1001222,100114,1007,1030,fouls.conceded
1001223,100114,1008,1117,fouls.won
1001224,100114,1009,1119,fouls.won
1001225,100114,1010,1133,fouls.won
1001226,100114,1011,1145,fouls.won
1001227,100114,1012,1155,fouls.won
1001228,100114,1013,1270,fouls.won
1001229,100094,1001,306,fouls.won
1001230,100094,1002,326,fouls.won
1001231,100094,1003,362,fouls.won
1001232,100094,1004,385,fouls.won
1001233,100094,1005,405,fouls.conceded
1001234,100094,1006,476,fouls.won
1001235,100094,1007,497,fouls.won
1001236,100094,1008,502,fouls.won
1001237,100094,1009,520,fouls.won
1001238,100094,1010,522,fouls.conceded
1001239,100094,1011,594,fouls.won
1001240,100094,1012,602,fouls.won
1001241,100094,1013,608,fouls.won
1001242,100094,1014,624,fouls.won
1001243,100094,1015,654,fouls.won
1001244,100094,1016,772,fouls.won
1001245,100094,1017,789,fouls.conceded
1001246,100094,1018,850,fouls.won
1001247,100094,1019,966,fouls.conceded
1001248,100094,1020,1016,fouls.won
1001249,100094,1021,1046,fouls.conceded
1001250,100094,1022,1061,fouls.conceded
1001251,100094,1023,1062,yellow.cards
1001252,100094,1024,1067,fouls.won
1001253,100094,1025,1138,fouls.won
1001254,100094,1026,1156,fouls.won
1001255,100044,1001,15,fouls.won
1001256,100044,1002,63,fouls.won
1001257,100044,1003,149,fouls.won
1001258,100044,1004,229,fouls.won
1001259,100044,1005,264,fouls.won
1001260,100044,1006,407,fouls.won
1001261,100044,1007,508,fouls.won
1001262,100044,1008,519,fouls.won
1001263,100044,1009,534,fouls.won
1001264,100044,1010,538,fouls.won
1001265,100044,1011,603,fouls.won
1001266,100044,1012,772,fouls.conceded
1001267,100044,1013,779,fouls.won
1001268,100044,1014,856,fouls.conceded
1001269,100044,1015,868,fouls.won
1001270,100044,1016,1007,fouls.won
1001271,100044,1017,1021,fouls.won
1001272,100044,1018,1030,fouls.won
1001273,100044,1019,1311,fouls.won
1001274,100044,1020,1317,fouls.won
1001275,100044,1021,1394,fouls.won
1001276,100044,1022,1424,fouls.conceded
1001277,100044,1023,1446,fouls.won
1001278,100044,1024,1454,fouls.won
1001279,100133,1001,20,fouls.won
1001280,100133,1002,231,fouls.won
1001281,100133,1003,282,fouls.won
1001282,100133,1004,289,fouls.won
1001283,100133,1005,842,fouls.conceded
1001284,100133,1006,1015,fouls.won
1001285,100133,1007,1021,fouls.won
1001286,100133,1008,1080,fouls.won
1001287,100107,1001,139,fouls.conceded
1001288,100107,1002,201,fouls.won
1001289,100107,1003,461,fouls.won
1001290,100107,1004,579,fouls.won
1001291,100107,1005,758,fouls.won
1001292,100107,1006,770,fouls.conceded
1001293,100107,1007,790,fouls.conceded
1001294,100107,1008,882,fouls.won
1001295,100107,1009,935,fouls.won
1001296,100107,1010,1042,fouls.won
1001297,100107,1011,1127,fouls.won
1001298,100107,1012,1377,fouls.won
1001299,100104,1001,82,fouls.won
1001300,100104,1002,136,fouls.won
1001301,100104,1003,304,fouls.won
1001302,100104,1004,367,fouls.conceded
1001303,100104,1005,539,fouls.won
1001304,100104,1006,697,fouls.won
1001305,100104,1007,752,fouls.conceded
1001306,100104,1008,894,fouls.won
1001307,100104,1009,907,fouls.won
1001308,100104,1010,919,fouls.won
1001309,100104,1011,1094,fouls.won
1001310,100104,1012,1199,fouls.conceded
1001311,100104,1013,1205,fouls.won
1001312,100104,1014,1208,fouls.won
1001313,100104,1015,1212,fouls.won
1001314,100104,1016,1223,fouls.won
1001315,100104,1017,1256,fouls.won
1001316,100092,1001,61,fouls.won
1001317,100092,1002,122,fouls.won
1001318,100092,1003,153,fouls.conceded
1001319,100092,1004,178,fouls.won
1001320,100092,1005,214,fouls.won
1001321,100092,1006,237,fouls.conceded
1001322,100092,1007,268,fouls.won
1001323,100092,1008,342,fouls.conceded
1001324,100092,1009,413,fouls.won
1001325,100092,1010,519,fouls.conceded
1001326,100092,1011,538,fouls.won
1001327,100092,1012,569,fouls.won
1001328,100092,1013,764,fouls.won
1001329,100092,1014,797,fouls.won
1001330,100092,1015,856,fouls.won
1001331,100092,1016,911,fouls.won
1001332,100092,1017,933,fouls.won
1001333,100092,1018,959,fouls.won
1001334,100092,1019,988,fouls.won
1001335,100092,1020,1049,fouls.conceded
1001336,100092,1021,1095,fouls.conceded
1001337,100092,1022,1190,fouls.won
1001338,100092,1023,1263,fouls.won
1001339,100092,1024,1278,fouls.won
1001340,100093,1001,38,fouls.conceded
1001341,100093,1002,50,fouls.won
1001342,100093,1003,73,fouls.conceded
1001343,100093,1004,76,fouls.won
1001344,100093,1005,185,fouls.won
1001345,100093,1006,245,fouls.conceded
1001346,100093,1007,322,fouls.won
1001347,100093,1008,377,fouls.won
1001348,100093,1009,410,fouls.won
1001349,100093,1010,556,fouls.won
1001350,100093,1011,604,fouls.won
1001351,100093,1012,734,fouls.won
1001352,100093,1013,754,fouls.won
1001353,100093,1014,888,fouls.won
1001354,100093,1015,891,fouls.won
1001355,100093,1016,1021,fouls.won
1001356,100093,1017,1198,fouls.won
1001357,100093,1018,1232,fouls.won
1001358,100093,1019,1287,fouls.won
1001359,100093,1020,1333,fouls.conceded
1001360,100093,1021,1361,fouls.won
1001361,100129,1001,288,fouls.won
1001362,100129,1002,435,fouls.won
1001363,100129,1003,458,fouls.conceded
1001364,100129,1004,503,fouls.conceded
1001365,100129,1005,509,fouls.won
1001366,100129,1006,601,fouls.conceded
1001367,100129,1007,687,fouls.won
1001368,100129,1008,1101,fouls.won
1001369,100129,1009,1236,fouls.won
1001370,100129,1010,1285,fouls.won
1001371,100129,1011,1289,fouls.won
1001372,100129,1012,1310,fouls.won
1001373,100129,1013,1322,penalties.won
1001374,100129,1014,1385,fouls.won
1001375,100129,1015,1409,fouls.conceded
1001376,100129,1016,1422,fouls.won
1001377,100041,1001,100,fouls.won
1001378,100041,1002,268,fouls.won
1001379,100041,1003,278,fouls.won
1001380,100041,1004,324,fouls.won
1001381,100041,1005,335,fouls.won
1001382,100041,1006,453,fouls.won
1001383,100041,1007,479,fouls.won
1001384,100041,1008,548,fouls.won
1001385,100041,1009,623,fouls.conceded
1001386,100041,1010,625,yellow.cards
1001387,100041,1011,813,fouls.won
1001388,100041,1012,874,fouls.conceded
1001389,100041,1013,924,fouls.won
1001390,100041,1014,937,fouls.conceded
1001391,100041,1015,976,fouls.won
1001392,100041,1016,1090,fouls.won
1001393,100041,1017,1115,fouls.won
1001394,100041,1018,1127,fouls.conceded
1001395,100041,1019,1146,fouls.won
1001396,100041,1020,1230,fouls.won
1001397,100041,1021,1284,fouls.won
1001398,100079,1001,251,fouls.conceded
1001399,100079,1002,319,fouls.won
1001400,100079,1003,339,fouls.won
1001401,100079,1004,617,fouls.conceded
1001402,100079,1005,789,fouls.won
1001403,100079,1006,811,fouls.won
1001404,100079,1007,888,fouls.won
1001405,100079,1008,986,fouls.won
1001406,100079,1009,1035,fouls.won
1001407,100079,1010,1041,fouls.won
1001408,100079,1011,1085,fouls.won
1001409,100079,1012,1107,fouls.won
1001410,100079,1013,1114,fouls.conceded
1001411,100079,1014,1267,fouls.won
1001412,100083,1001,16,fouls.won
1001413,100083,1002,226,fouls.won
1001414,100083,1003,248,fouls.won
1001415,100083,1004,324,fouls.won
1001416,100083,1005,359,fouls.won
1001417,100083,1006,439,fouls.won
1001418,100083,1007,471,fouls.won
1001419,100083,1008,532,fouls.conceded
1001420,100083,1009,548,fouls.won
1001421,100083,1010,562,fouls.won
1001422,100083,1011,651,fouls.conceded
1001423,100083,1012,686,fouls.won
1001424,100083,1013,772,fouls.won
1001425,100083,1014,777,fouls.won
1001426,100083,1015,779,fouls.won
1001427,100083,1016,784,fouls.won
1001428,100083,1017,804,fouls.conceded
1001429,100083,1018,818,fouls.won
1001430,100083,1019,1207,fouls.conceded
1001431,100083,1020,1207,yellow.cards
1001432,100124,1001,118,fouls.won
1001433,100124,1002,254,fouls.won
1001434,100124,1003,264,fouls.won
1001435,100124,1004,305,fouls.won
1001436,100124,1005,437,fouls.won
1001437,100124,1006,461,fouls.conceded
1001438,100124,1007,590,fouls.won
1001439,100124,1008,598,fouls.conceded
1001440,100124,1009,613,fouls.won
1001441,100124,1010,640,fouls.won
1001442,100124,1011,643,fouls.won
1001443,100124,1012,719,fouls.won
1001444,100124,1013,723,fouls.won
1001445,100124,1014,784,fouls.conceded
1001446,100124,1015,803,fouls.conceded
1001447,100124,1016,879,fouls.won
1001448,100124,1017,920,fouls.conceded
1001449,100124,1018,996,fouls.won
1001450,100124,1019,1026,fouls.won
1001451,100124,1020,1128,fouls.won
1001452,100124,1021,1225,fouls.won
1001453,100053,1001,428,fouls.won
1001454,100053,1002,545,fouls.conceded
1001455,100053,1003,552,fouls.won
1001456,100053,1004,715,fouls.won
1001457,100053,1005,727,fouls.won
1001458,100053,1006,903,fouls.won
1001459,100053,1007,971,fouls.won
1001460,100053,1008,1047,fouls.won
1001461,100053,1009,1067,fouls.won
1001462,100053,1010,1208,fouls.conceded
1001463,100053,1011,1284,fouls.conceded
1001464,100108,1001,206,fouls.conceded
1001465,100108,1002,235,fouls.won
1001466,100108,1003,264,fouls.conceded
1001467,100108,1004,312,fouls.won
1001468,100108,1005,457,fouls.won
1001469,100108,1006,473,fouls.won
1001470,100108,1007,505,fouls.won
1001471,100108,1008,550,fouls.won
1001472,100108,1009,605,fouls.won
1001473,100108,1010,1013,fouls.conceded
1001474,100108,1011,1036,fouls.won
1001475,100108,1012,1086,fouls.conceded
1001476,100108,1013,1239,fouls.conceded
1001477,100108,1014,1283,fouls.conceded
1001478,100108,1015,1450,fouls.won
1001479,100108,1016,1462,fouls.conceded
1001480,100058,1001,132,fouls.won
1001481,100058,1002,150,fouls.won
1001482,100058,1003,255,fouls.won
1001483,100058,1004,302,fouls.won
1001484,100058,1005,346,fouls.won
1001485,100058,1006,407,fouls.won
1001486,100058,1007,441,fouls.won
1001487,100058,1008,459,fouls.won
1001488,100058,1009,594,fouls.won
1001489,100058,1010,730,fouls.won
1001490,100058,1011,761,fouls.won
1001491,100058,1012,768,fouls.won
1001492,100058,1013,816,fouls.won
1001493,100058,1014,858,fouls.conceded
1001494,100058,1015,892,fouls.won
1001495,100058,1016,904,fouls.won
1001496,100058,1017,926,fouls.won
1001497,100058,1018,956,fouls.won
1001498,100058,1019,981,fouls.won
1001499,100058,1020,1010,fouls.won
1001500,100058,1021,1069,fouls.won
1001501,100058,1022,1190,fouls.won
1001502,100058,1023,1200,fouls.won
1001503,100116,1001,17,fouls.won
1001504,100116,1002,74,fouls.won
1001505,100116,1003,83,fouls.won
1001506,100116,1004,113,fouls.won
1001507,100116,1005,162,fouls.won
1001508,100116,1006,197,fouls.won
1001509,100116,1007,267,fouls.won
1001510,100116,1008,275,fouls.won
1001511,100116,1009,352,fouls.won
1001512,100116,1010,437,fouls.won
1001513,100116,1011,496,fouls.won
1001514,100116,1012,512,fouls.won
1001515,100116,1013,519,fouls.won
1001516,100116,1014,548,fouls.won
1001517,100116,1015,564,fouls.won
1001518,100116,1016,568,fouls.won
1001519,100116,1017,582,fouls.conceded
1001520,100116,1018,606,fouls.won
1001521,100116,1019,610,fouls.won
1001522,100116,1020,655,fouls.conceded
1001523,100116,1021,690,fouls.won
1001524,100116,1022,707,fouls.won
1001525,100116,1023,877,fouls.won
1001526,100116,1024,894,fouls.won
1001527,100116,1025,956,fouls.won
1001528,100116,1026,1038,fouls.conceded
1001529,100116,1027,1043,fouls.won
1001530,100116,1028,1074,fouls.won
1001531,100116,1029,1089,fouls.won
1001532,100116,1030,1109,fouls.conceded
1001533,100116,1031,1113,fouls.won
1001534,100116,1032,1132,fouls.won
1001535,100078,1001,82,fouls.conceded
1001536,100078,1002,148,fouls.conceded
1001537,100078,1003,211,fouls.won
1001538,100078,1004,253,fouls.won
1001539,100078,1005,267,fouls.won
1001540,100078,1006,332,fouls.won
1001541,100078,1007,502,fouls.won
1001542,100078,1008,623,fouls.won
1001543,100078,1009,805,fouls.won
1001544,100078,1010,808,fouls.conceded
1001545,100078,1011,821,fouls.conceded
1001546,100078,1012,867,fouls.won
1001547,100078,1013,905,fouls.won
1001548,100078,1014,982,fouls.won
1001549,100078,1015,985,fouls.won
1001550,100078,1016,1068,fouls.won
1001551,100078,1017,1096,fouls.won
1001552,100078,1018,1124,fouls.won
1001553,100078,1019,1199,fouls.won
1001554,100078,1020,1203,fouls.conceded
1001555,100088,1001,24,fouls.won
1001556,100088,1002,203,fouls.conceded
1001557,100088,1003,324,fouls.won
1001558,100088,1004,326,fouls.conceded
1001559,100088,1005,531,fouls.won
1001560,100088,1006,676,fouls.conceded
1001561,100088,1007,794,fouls.won
1001562,100088,1008,837,fouls.won
1001563,100088,1009,896,fouls.won
1001564,100088,1010,963,fouls.won
1001565,100088,1011,1009,fouls.won
1001566,100088,1012,1065,fouls.conceded
1001567,100088,1013,1147,fouls.conceded
1001568,100088,1014,1175,fouls.won
1001569,100088,1015,1198,fouls.won
1001570,100088,1016,1207,fouls.conceded
1001571,100088,1017,1285,fouls.won
1001572,100088,1018,1374,fouls.won
1001573,100119,1001,54,fouls.conceded
1001574,100119,1002,76,fouls.won
1001575,100119,1003,140,fouls.won
1001576,100119,1004,388,fouls.won
1001577,100119,1005,436,fouls.won
1001578,100119,1006,491,fouls.won
1001579,100119,1007,516,fouls.won
1001580,100119,1008,701,fouls.won
1001581,100119,1009,705,fouls.conceded
1001582,100119,1010,851,fouls.won
1001583,100119,1011,882,fouls.won
1001584,100119,1012,925,fouls.won
1001585,100119,1013,1060,fouls.won
1001586,100119,1014,1280,fouls.won
1001587,100119,1015,1347,fouls.won
1001588,100119,1016,1360,fouls.won
1001589,100119,1017,1367,fouls.conceded
1001590,100037,1001,144,fouls.won
1001591,100037,1002,146,fouls.conceded
1001592,100037,1003,186,fouls.won
1001593,100037,1004,313,fouls.won
1001594,100037,1005,365,fouls.won
1001595,100037,1006,433,fouls.won
1001596,100037,1007,539,fouls.won
1001597,100037,1008,564,fouls.won
1001598,100037,1009,567,fouls.conceded
1001599,100037,1010,585,fouls.won
1001600,100037,1011,594,fouls.won
1001601,100037,1012,719,fouls.won
1001602,100037,1013,745,yellow.cards
1001603,100037,1014,835,fouls.won
1001604,100037,1015,965,fouls.won
1001605,100037,1016,1049,fouls.conceded
1001606,100037,1017,1067,fouls.won
1001607,100037,1018,1178,fouls.won
1001608,100037,1019,1225,fouls.won
1001609,100037,1020,1234,fouls.won
1001610,100037,1021,1271,fouls.won
1001611,100037,1022,1277,fouls.conceded
1001612,100037,1023,1327,fouls.won
1001613,100037,1024,1329,yellow.cards
1001614,100037,1025,1353,fouls.won
1001615,100037,1026,1360,fouls.conceded
1001616,100086,1001,34,fouls.won
1001617,100086,1002,113,fouls.won
1001618,100086,1003,491,fouls.won
1001619,100086,1004,531,fouls.conceded
1001620,100086,1005,673,fouls.conceded
1001621,100086,1006,693,fouls.won
1001622,100086,1007,755,fouls.conceded
1001623,100086,1008,830,fouls.won
1001624,100086,1009,885,penalties.won
1001625,100086,1010,904,fouls.won
1001626,100086,1011,927,fouls.won
1001627,100086,1012,948,fouls.won
1001628,100086,1013,960,fouls.won
1001629,100086,1014,980,fouls.won
1001630,100086,1015,1045,fouls.won
1001631,100086,1016,1163,fouls.conceded
1001632,100086,1017,1337,fouls.conceded
1001633,100086,1018,1460,fouls.conceded
1001634,100067,1001,278,fouls.won
1001635,100067,1002,352,fouls.won
1001636,100067,1003,402,fouls.won
1001637,100067,1004,614,fouls.won
1001638,100067,1005,620,fouls.won
1001639,100067,1006,638,fouls.won
1001640,100067,1007,688,fouls.conceded
1001641,100067,1008,745,fouls.won
1001642,100067,1009,989,fouls.won
1001643,100067,1010,1136,fouls.won
1001644,100067,1011,1257,fouls.won
1001645,100067,1012,1294,fouls.won
1001646,100067,1013,1301,fouls.won
1001647,100067,1014,1350,fouls.won
1001648,100067,1015,1412,fouls.conceded
1001649,100102,1001,168,fouls.conceded
1001650,100102,1002,364,fouls.conceded
1001651,100102,1003,517,fouls.won
1001652,100102,1004,548,fouls.won
1001653,100102,1005,584,fouls.won
1001654,100102,1006,719,fouls.won
1001655,100102,1007,742,fouls.conceded
1001656,100102,1008,770,fouls.won
1001657,100102,1009,789,fouls.won
1001658,100102,1010,823,fouls.won
1001659,100102,1011,989,fouls.won
1001660,100102,1012,1079,fouls.won
1001661,100102,1013,1117,fouls.conceded
1001662,100102,1014,1126,fouls.won
1001663,100102,1015,1175,fouls.won
1001664,100102,1016,1231,fouls.won
1001665,100102,1017,1362,fouls.won
1001666,100102,1018,1390,fouls.won
1001667,100102,1019,1392,fouls.conceded
1001668,100061,1001,162,fouls.won
1001669,100061,1002,274,fouls.conceded
1001670,100061,1003,349,fouls.won
1001671,100061,1004,353,fouls.conceded
1001672,100061,1005,385,fouls.won
1001673,100061,1006,454,fouls.won
1001674,100061,1007,522,fouls.won
1001675,100061,1008,615,fouls.won
1001676,100061,1009,634,fouls.won
1001677,100061,1010,684,fouls.won
1001678,100061,1011,844,yellow.cards
1001679,100061,1012,855,fouls.won
1001680,100061,1013,856,yellow.cards
1001681,100061,1014,858,fouls.won
1001682,100061,1015,991,fouls.won
1001683,100061,1016,1010,fouls.won
1001684,100061,1017,1028,fouls.won
1001685,100061,1018,1034,fouls.conceded
1001686,100061,1019,1040,fouls.won
1001687,100061,1020,1090,fouls.conceded
1001688,100061,1021,1096,fouls.won
1001689,100061,1022,1124,fouls.won
1001690,100061,1023,1155,fouls.won
1001691,100061,1024,1213,fouls.won
1001692,100061,1025,1245,fouls.won
1001693,100125,1001,58,fouls.won
1001694,100125,1002,102,fouls.won
1001695,100125,1003,395,penalties.won
1001696,100125,1004,410,fouls.won
1001697,100125,1005,427,fouls.won
1001698,100125,1006,482,fouls.conceded
1001699,100125,1007,606,fouls.won
1001700,100125,1008,639,fouls.won
1001701,100125,1009,756,fouls.won
1001702,100125,1010,854,fouls.won
1001703,100125,1011,866,fouls.won
1001704,100125,1012,890,fouls.conceded
1001705,100125,1013,929,fouls.conceded
1001706,100125,1014,1167,fouls.won
1001707,100125,1015,1190,fouls.won
1001708,100125,1016,1223,fouls.won
1001709,100125,1017,1265,fouls.won
1001710,100125,1018,1278,fouls.won
1001711,100125,1019,1284,fouls.conceded
1001712,100125,1020,1331,fouls.won
1001713,100135,1001,54,fouls.won
1001714,100135,1002,64,fouls.won
1001715,100135,1003,253,fouls.won
1001716,100135,1004,351,fouls.won
1001717,100135,1005,438,fouls.won
1001718,100135,1006,450,fouls.conceded
1001719,100135,1007,492,fouls.won
1001720,100135,1008,506,fouls.won
1001721,100135,1009,640,fouls.won
1001722,100135,1010,658,fouls.won
1001723,100135,1011,685,fouls.won
1001724,100135,1012,707,fouls.won
1001725,100135,1013,860,fouls.conceded
1001726,100135,1014,895,fouls.won
1001727,100135,1015,899,fouls.won
1001728,100135,1016,933,fouls.won
1001729,100135,1017,962,fouls.won
1001730,100135,1018,1041,fouls.won
1001731,100135,1019,1367,fouls.won
1001732,100135,1020,1485,fouls.won
1001733,100135,1021,1625,fouls.conceded
1001734,100054,1001,69,fouls.won
1001735,100054,1002,249,fouls.won
1001736,100054,1003,270,fouls.won
1001737,100054,1004,275,fouls.won
1001738,100054,1005,647,fouls.won
1001739,100054,1006,730,fouls.won
1001740,100054,1007,758,fouls.won
1001741,100054,1008,857,fouls.conceded
1001742,100054,1009,937,fouls.won
1001743,100054,1010,1002,fouls.won
1001744,100054,1011,1076,fouls.won
1001745,100054,1012,1188,fouls.won
1001746,100054,1013,1215,fouls.won
1001747,100054,1014,1385,fouls.won
1001748,100054,1015,1430,fouls.won
1001749,100111,1001,117,fouls.won
1001750,100111,1002,704,fouls.conceded
1001751,100111,1003,814,fouls.conceded
1001752,100111,1004,837,fouls.conceded
1001753,100111,1005,882,fouls.won
1001754,100111,1006,970,fouls.won
1001755,100111,1007,1245,fouls.won
1001756,100111,1008,1259,fouls.conceded
1001757,100111,1009,1408,fouls.won
1001758,100111,1010,1424,fouls.won
1001759,100069,1001,250,fouls.won
1001760,100069,1002,317,fouls.conceded
1001761,100069,1003,418,fouls.won
1001762,100069,1004,534,fouls.conceded
1001763,100069,1005,670,fouls.won
1001764,100069,1006,850,fouls.won
1001765,100069,1007,860,fouls.won
1001766,100069,1008,930,fouls.won
1001767,100069,1009,979,fouls.won
1001768,100069,1010,995,fouls.won
1001769,100069,1011,1128,fouls.conceded
1001770,100069,1012,1147,fouls.won
1001771,100069,1013,1178,fouls.won
1001772,100069,1014,1194,fouls.won
1001773,100069,1015,1236,fouls.won
1001774,100069,1016,1247,fouls.conceded
1001775,100069,1017,1290,fouls.won
1001776,100069,1018,1295,fouls.won
1001777,100069,1019,1308,fouls.conceded
1001778,100090,1001,18,fouls.won
1001779,100090,1002,129,fouls.won
1001780,100090,1003,133,fouls.conceded
1001781,100090,1004,136,fouls.won
1001782,100090,1005,164,fouls.won
1001783,100090,1006,468,fouls.won
1001784,100090,1007,477,fouls.won
1001785,100090,1008,511,fouls.conceded
1001786,100090,1009,528,fouls.won
1001787,100090,1010,555,fouls.won
1001788,100090,1011,611,fouls.conceded
1001789,100090,1012,774,fouls.won
1001790,100090,1013,793,fouls.won
1001791,100090,1014,858,fouls.won
1001792,100090,1015,885,fouls.won
1001793,100090,1016,906,fouls.won
1001794,100090,1017,922,fouls.won
1001795,100090,1018,977,fouls.won
1001796,100090,1019,986,fouls.won
1001797,100090,1020,1050,fouls.won
1001798,100090,1021,1054,fouls.conceded
1001799,100090,1022,1107,fouls.conceded
1001800,100090,1023,1253,fouls.won
1001801,100090,1024,1275,fouls.won
1001802,100090,1025,1327,fouls.won
1001803,100090,1026,1327,fouls.conceded
1001804,100090,1027,1327,yellow.cards
1001805,100123,1001,12,fouls.won
1001806,100123,1002,140,fouls.won
1001807,100123,1003,217,fouls.won
1001808,100123,1004,240,fouls.conceded
1001809,100123,1005,279,fouls.won
1001810,100123,1006,339,fouls.won
1001811,100123,1007,462,fouls.won
1001812,100123,1008,520,fouls.conceded
1001813,100123,1009,578,fouls.won
1001814,100123,1010,658,fouls.won
1001815,100123,1011,791,fouls.won
1001816,100123,1012,940,fouls.won
1001817,100123,1013,945,fouls.won
1001818,100123,1014,1018,fouls.won
1001819,100123,1015,1022,fouls.won
1001820,100123,1016,1051,fouls.won
1001821,100123,1017,1061,fouls.won
1001822,100123,1018,1219,fouls.won
1001823,100123,1019,1341,fouls.won
1001824,100123,1020,1383,fouls.won
1001825,100123,1021,1385,fouls.won
1001826,100123,1022,1401,fouls.won
1001827,100132,1001,207,fouls.conceded
1001828,100132,1002,307,fouls.conceded
1001829,100132,1003,384,fouls.conceded
1001830,100132,1004,401,fouls.conceded
1001831,100132,1005,531,fouls.won
1001832,100132,1006,614,fouls.won
1001833,100132,1007,823,fouls.won
1001834,100132,1008,879,fouls.won
1001835,100132,1009,1044,fouls.won
1001836,100132,1010,1065,fouls.won
1001837,100132,1011,1075,fouls.won
1001838,100132,1012,1136,fouls.won
1001839,100132,1013,1150,fouls.conceded
1001840,100132,1014,1321,fouls.won
1001841,100076,1001,174,fouls.won
1001842,100076,1002,319,fouls.won
1001843,100076,1003,439,fouls.won
1001844,100076,1004,669,fouls.conceded
1001845,100076,1005,792,fouls.won
1001846,100076,1006,806,fouls.won
1001847,100076,1007,822,fouls.won
1001848,100076,1008,883,fouls.conceded
1001849,100076,1009,925,fouls.won
1001850,100076,1010,980,fouls.won
1001851,100076,1011,1115,fouls.conceded
1001852,100076,1012,1268,fouls.conceded
1001853,100076,1013,1342,fouls.won
1001854,100076,1014,1458,fouls.won
1001855,100042,1001,9,fouls.won
1001856,100042,1002,296,fouls.won
1001857,100042,1003,321,fouls.won
1001858,100042,1004,374,fouls.won
1001859,100042,1005,421,fouls.won
1001860,100042,1006,457,fouls.conceded
1001861,100042,1007,698,fouls.won
1001862,100042,1008,952,fouls.won
1001863,100042,1009,1131,fouls.won
1001864,100042,1010,1231,fouls.won
1001865,100042,1011,1290,fouls.conceded
1001866,100042,1012,1302,fouls.won
1001867,100042,1013,1315,fouls.conceded
1001868,100098,1001,226,fouls.conceded
1001869,100098,1002,238,fouls.won
1001870,100098,1003,244,fouls.won
1001871,100098,1004,453,fouls.conceded
1001872,100098,1005,724,fouls.won
1001873,100098,1006,783,fouls.conceded
1001874,100098,1007,872,fouls.won
1001875,100098,1008,879,fouls.won
1001876,100098,1009,1247,fouls.won
1001877,100098,1010,1284,fouls.won
1001878,100098,1011,1325,fouls.won
1001879,100098,1012,1358,fouls.won
1001880,100051,1001,63,fouls.won
1001881,100051,1002,144,fouls.won
1001882,100051,1003,175,fouls.conceded
1001883,100051,1004,405,fouls.won
1001884,100051,1005,453,fouls.won
1001885,100051,1006,521,fouls.won
1001886,100051,1007,560,fouls.won
1001887,100051,1008,625,fouls.conceded
1001888,100051,1009,625,yellow.cards
1001889,100051,1010,651,fouls.won
1001890,100051,1011,745,fouls.won
1001891,100051,1012,749,fouls.conceded
1001892,100051,1013,911,fouls.won
1001893,100051,1014,1015,fouls.won
1001894,100051,1015,1143,fouls.won
1001895,100051,1016,1218,fouls.won
1001896,100051,1017,1356,fouls.won
1001897,100051,1018,1405,fouls.won
1001898,100051,1019,1424,fouls.won
1001899,100051,1020,1468,fouls.won
1001900,100087,1001,101,fouls.won
1001901,100087,1002,139,fouls.won
1001902,100087,1003,281,fouls.won
1001903,100087,1004,435,fouls.won
1001904,100087,1005,569,fouls.conceded
1001905,100087,1006,589,fouls.conceded
1001906,100087,1007,632,fouls.won
1001907,100087,1008,816,fouls.won
1001908,100087,1009,925,fouls.won
1001909,100087,1010,1039,fouls.won
1001910,100087,1011,1045,fouls.conceded
1001911,100087,1012,1063,fouls.won
1001912,100087,1013,1213,fouls.conceded
1001913,100087,1014,1283,fouls.conceded
1001914,100087,1015,1338,fouls.won
1001915,100062,1001,98,fouls.won
1001916,100062,1002,134,fouls.won
1001917,100062,1003,173,fouls.won
1001918,100062,1004,301,fouls.won
1001919,100062,1005,413,fouls.won
1001920,100062,1006,576,fouls.won
1001921,100062,1007,655,fouls.won
1001922,100062,1008,679,fouls.won
1001923,100062,1009,813,fouls.won
1001924,100062,1010,1190,fouls.won
1001925,100062,1011,1226,fouls.won
1001926,100062,1012,1479,penalties.won
1001927,100048,1001,36,fouls.won
1001928,100048,1002,135,fouls.won
1001929,100048,1003,160,fouls.won
1001930,100048,1004,195,fouls.won
1001931,100048,1005,298,fouls.won
1001932,100048,1006,338,fouls.won
1001933,100048,1007,353,fouls.won
1001934,100048,1008,400,fouls.conceded
1001935,100048,1009,471,fouls.won
1001936,100048,1010,521,fouls.won
1001937,100048,1011,586,fouls.won
1001938,100048,1012,785,fouls.won
1001939,100048,1013,866,fouls.conceded
1001940,100048,1014,1084,fouls.won
1001941,100048,1015,1120,fouls.won
1001942,100048,1016,1176,fouls.won
1001943,100048,1017,1266,fouls.won
1001944,100048,1018,1398,yellow.cards
1001945,100072,1001,5,fouls.conceded
1001946,100072,1002,192,fouls.conceded
1001947,100072,1003,330,fouls.won
1001948,100072,1004,352,fouls.conceded
1001949,100072,1005,411,fouls.won
1001950,100072,1006,532,fouls.won
1001951,100072,1007,979,fouls.won
1001952,100072,1008,1025,fouls.won
1001953,100072,1009,1046,fouls.won
1001954,100072,1010,1236,fouls.won
1001955,100072,1011,1249,fouls.won
1001956,100101,1001,70,fouls.won
1001957,100101,1002,180,fouls.won
1001958,100101,1003,234,fouls.won
1001959,100101,1004,296,penalties.won
1001960,100101,1005,437,fouls.won
1001961,100101,1006,468,fouls.won
1001962,100101,1007,517,fouls.won
1001963,100101,1008,667,fouls.won
1001964,100101,1009,673,fouls.won
1001965,100101,1010,742,fouls.won
1001966,100101,1011,777,fouls.won
1001967,100101,1012,841,fouls.won
1001968,100101,1013,869,fouls.won
1001969,100101,1014,880,fouls.won
1001970,100101,1015,1055,fouls.conceded
1001971,100101,1016,1095,fouls.won
1001972,100101,1017,1164,fouls.conceded
1001973,100101,1018,1232,fouls.won
1001974,100101,1019,1394,fouls.won
1001975,100056,1001,64,fouls.won
1001976,100056,1002,85,fouls.won
1001977,100056,1003,473,fouls.won
1001978,100056,1004,587,fouls.won
1001979,100056,1005,778,fouls.won
1001980,100056,1006,804,fouls.won
1001981,100056,1007,876,fouls.conceded
1001982,100056,1008,1009,fouls.won
1001983,100056,1009,1162,fouls.conceded
1001984,100056,1010,1258,fouls.conceded
1001985,100056,1011,1284,fouls.won
1001986,100056,1012,1318,fouls.conceded
1001987,100056,1013,1318,yellow.cards
1001988,100056,1014,1324,fouls.won
1001989,100109,1001,79,fouls.conceded
1001990,100109,1002,103,fouls.conceded
1001991,100109,1003,216,fouls.won
1001992,100109,1004,260,fouls.won
1001993,100109,1005,278,fouls.conceded
1001994,100109,1006,284,fouls.won
1001995,100109,1007,417,fouls.conceded
1001996,100109,1008,461,fouls.won
1001997,100109,1009,554,fouls.won
1001998,100109,1010,719,fouls.won
1001999,100109,1011,725,fouls.conceded
1002000,100109,1012,757,fouls.won
1002001,100109,1013,795,fouls.won
1002002,100109,1014,906,fouls.conceded
1002003,100109,1015,972,fouls.won
1002004,100109,1016,1038,fouls.won
1002005,100109,1017,1069,fouls.won
1002006,100109,1018,1088,fouls.won
1002007,100109,1019,1116,fouls.won
1002008,100109,1020,1134,fouls.won
1002009,100109,1021,1143,fouls.won
1002010,100109,1022,1305,fouls.won
1002011,100038,1001,122,fouls.won
1002012,100038,1002,173,fouls.conceded
1002013,100038,1003,225,fouls.won
1002014,100038,1004,244,fouls.won
1002015,100038,1005,349,fouls.conceded
1002016,100038,1006,430,fouls.won
1002017,100038,1007,453,fouls.conceded
1002018,100038,1008,513,fouls.conceded
1002019,100038,1009,532,fouls.conceded
1002020,100038,1010,569,fouls.won
1002021,100038,1011,572,penalties.won
1002022,100038,1012,670,fouls.won
1002023,100038,1013,886,fouls.won
1002024,100038,1014,1103,fouls.won
1002025,100038,1015,1154,fouls.won
1002026,100038,1016,1181,fouls.won
1002027,100038,1017,1249,fouls.won
1002028,100038,1018,1265,fouls.won
1002029,100128,1001,281,fouls.won
1002030,100128,1002,330,fouls.won
1002031,100128,1003,379,fouls.won
1002032,100128,1004,439,fouls.conceded
1002033,100128,1005,640,fouls.conceded
1002034,100128,1006,664,fouls.won
1002035,100128,1007,784,fouls.conceded
1002036,100128,1008,986,fouls.won
1002037,100128,1009,1031,fouls.won
1002038,100128,1010,1082,fouls.won
1002039,100128,1011,1097,fouls.won
1002040,100128,1012,1132,fouls.won
1002041,100128,1013,1235,fouls.won
1002042,100128,1014,1322,fouls.won
1002043,100128,1015,1389,fouls.won
1002044,100128,1016,1422,fouls.won
1002045,100096,1001,95,fouls.conceded
1002046,100096,1002,184,fouls.won
1002047,100096,1003,252,fouls.conceded
1002048,100096,1004,337,fouls.won
1002049,100096,1005,355,fouls.won
1002050,100096,1006,452,fouls.won
1002051,100096,1007,458,fouls.conceded
1002052,100096,1008,542,fouls.won
1002053,100096,1009,656,fouls.conceded
1002054,100096,1010,698,fouls.conceded
1002055,100096,1011,698,yellow.cards
1002056,100096,1012,759,fouls.conceded
1002057,100096,1013,920,fouls.conceded
1002058,100096,1014,947,fouls.conceded
1002059,100096,1015,1132,fouls.won
1002060,100096,1016,1196,fouls.won
1002061,100096,1017,1340,fouls.won
1002062,100096,1018,1378,fouls.won
1002063,100034,1001,152,fouls.won
1002064,100034,1002,163,fouls.conceded
1002065,100034,1003,193,fouls.won
1002066,100034,1004,252,fouls.conceded
1002067,100034,1005,284,fouls.won
1002068,100034,1006,297,fouls.conceded
1002069,100034,1007,324,fouls.won
1002070,100034,1008,413,fouls.won
1002071,100034,1009,454,fouls.won
1002072,100034,1010,489,fouls.conceded
1002073,100034,1011,495,fouls.won
1002074,100034,1012,809,fouls.won
1002075,100034,1013,819,fouls.won
1002076,100034,1014,838,fouls.won
1002077,100034,1015,874,fouls.won
1002078,100034,1016,1079,fouls.conceded
1002079,100034,1017,1167,fouls.won
1002080,100034,1018,1218,fouls.won
1002081,100034,1019,1280,fouls.won
1002082,100089,1001,232,fouls.won
1002083,100089,1002,255,fouls.conceded
1002084,100089,1003,372,fouls.won
1002085,100089,1004,442,fouls.conceded
1002086,100089,1005,499,fouls.won
1002087,100089,1006,552,fouls.won
1002088,100089,1007,570,fouls.won
1002089,100089,1008,641,fouls.won
1002090,100089,1009,676,fouls.won
1002091,100089,1010,690,fouls.won
1002092,100089,1011,692,fouls.conceded
1002093,100089,1012,693,yellow.cards
1002094,100089,1013,719,fouls.won
1002095,100089,1014,760,fouls.won
1002096,100089,1015,763,fouls.won
1002097,100089,1016,912,fouls.won
1002098,100089,1017,939,fouls.won
1002099,100089,1018,1125,fouls.won
1002100,100134,1001,32,fouls.conceded
1002101,100134,1002,69,fouls.won
1002102,100134,1003,187,fouls.won
1002103,100134,1004,223,fouls.won
1002104,100134,1005,315,fouls.conceded
1002105,100134,1006,371,fouls.won
1002106,100134,1007,418,fouls.won
1002107,100134,1008,473,fouls.won
1002108,100134,1009,512,fouls.won
1002109,100134,1010,535,fouls.won
1002110,100134,1011,569,fouls.conceded
1002111,100134,1012,840,fouls.won
1002112,100134,1013,869,fouls.conceded
1002113,100134,1014,891,fouls.won
1002114,100134,1015,906,fouls.won
1002115,100134,1016,920,fouls.won
1002116,100134,1017,1030,fouls.conceded
1002117,100134,1018,1117,fouls.conceded
1002118,100134,1019,1199,fouls.won
1002119,100134,1020,1344,fouls.won
1002120,100134,1021,1403,fouls.conceded
1002121,100134,1022,1819,fouls.won
1002122,100085,1001,93,fouls.conceded
1002123,100085,1002,213,fouls.won
1002124,100085,1003,238,fouls.won
1002125,100085,1004,408,fouls.won
1002126,100085,1005,571,fouls.won
1002127,100085,1006,635,fouls.won
1002128,100085,1007,779,fouls.won
1002129,100085,1008,870,fouls.won
1002130,100085,1009,938,fouls.won
1002131,100085,1010,989,fouls.conceded
1002132,100085,1011,1059,fouls.conceded
1002133,100085,1012,1321,fouls.won
1002134,100057,1001,184,fouls.won
1002135,100057,1002,197,fouls.won
1002136,100057,1003,200,fouls.won
1002137,100057,1004,376,fouls.won
1002138,100057,1005,432,fouls.won
1002139,100057,1006,444,fouls.won
1002140,100057,1007,468,fouls.won
1002141,100057,1008,634,fouls.conceded
1002142,100057,1009,657,fouls.won
1002143,100057,1010,732,fouls.conceded
1002144,100057,1011,883,fouls.won
1002145,100057,1012,909,fouls.won
1002146,100057,1013,1064,fouls.won
1002147,100057,1014,1087,fouls.won
1002148,100057,1015,1180,yellow.cards
1002149,100057,1016,1205,fouls.won
1002150,100057,1017,1210,fouls.won
1002151,100075,1001,174,fouls.won
1002152,100075,1002,215,fouls.won
1002153,100075,1003,241,fouls.won
1002154,100075,1004,408,fouls.won
1002155,100075,1005,488,fouls.won
1002156,100075,1006,504,fouls.conceded
1002157,100075,1007,571,fouls.conceded
1002158,100075,1008,633,fouls.won
1002159,100075,1009,762,fouls.won
1002160,100075,1010,1068,fouls.won
1002161,100075,1011,1085,fouls.won
1002162,100075,1012,1181,fouls.won
1002163,100075,1013,1184,fouls.won
1002164,100075,1014,1218,fouls.won
1002165,100075,1015,1246,fouls.won
1002166,100050,1001,86,fouls.conceded
1002167,100050,1002,105,fouls.conceded
1002168,100050,1003,183,fouls.won
1002169,100050,1004,253,fouls.won
1002170,100050,1005,369,fouls.won
1002171,100050,1006,375,fouls.won
1002172,100050,1007,393,fouls.won
1002173,100050,1008,412,fouls.conceded
1002174,100050,1009,421,fouls.conceded
1002175,100050,1010,443,fouls.conceded
1002176,100050,1011,446,fouls.won
1002177,100050,1012,463,fouls.conceded
1002178,100050,1013,477,fouls.conceded
1002179,100050,1014,626,fouls.won
1002180,100050,1015,704,fouls.won
1002181,100050,1016,801,fouls.won
1002182,100050,1017,802,fouls.won
1002183,100050,1018,856,fouls.condeded
1002184,100050,1019,863,fouls.won
1002185,100050,1020,935,fouls.conceded
1002186,100050,1021,1010,fouls.won
1002187,100050,1022,1056,fouls.won
1002188,100050,1023,1109,fouls.won
1002189,100050,1024,1125,fouls.conceded
1002190,100050,1025,1169,fouls.won
1002191,100050,1026,1170,yellow.cards
1002192,100050,1027,1170,red.cards
1002193,100050,1028,1241,yellow.cards
1002194,100081,1001,154,fouls.conceded
1002195,100081,1002,244,fouls.won
1002196,100081,1003,341,fouls.won
1002197,100081,1004,427,fouls.won
1002198,100081,1005,765,fouls.won
1002199,100081,1006,1042,fouls.won
1002200,100081,1007,1206,fouls.won
1002201,100081,1008,1355,fouls.conceded
1002202,100081,1009,1410,fouls.won
1002203,100081,1010,1421,fouls.won
1002204,100081,1011,1425,fouls.won
1002205,100106,1001,114,fouls.conceded
1002206,100106,1002,244,fouls.won
1002207,100106,1003,404,fouls.won
1002208,100106,1004,459,fouls.conceded
1002209,100106,1005,498,fouls.won
1002210,100106,1006,549,fouls.won
1002211,100106,1007,724,fouls.won
1002212,100106,1008,752,fouls.won
1002213,100106,1009,773,fouls.won
1002214,100106,1010,874,fouls.conceded
1002215,100106,1011,876,fouls.won
1002216,100106,1012,912,fouls.conceded
1002217,100106,1013,921,fouls.won
1002218,100106,1014,980,fouls.won
1002219,100106,1015,1069,fouls.won
1002220,100106,1016,1192,fouls.conceded
1002221,100106,1017,1245,fouls.conceded
1002222,100120,1001,116,fouls.won
1002223,100120,1002,495,fouls.conceded
1002224,100120,1003,538,penalties.won
1002225,100120,1004,664,fouls.won
1002226,100120,1005,783,fouls.conceded
1002227,100120,1006,786,fouls.won
1002228,100120,1007,829,fouls.won
1002229,100120,1008,837,fouls.won
1002230,100120,1009,996,fouls.conceded
1002231,100120,1010,1083,fouls.won
1002232,100120,1011,1091,fouls.conceded
1002233,100120,1012,1197,fouls.won
1002234,100120,1013,1310,fouls.won
1002235,100115,1001,331,fouls.won
1002236,100115,1002,353,fouls.won
1002237,100115,1003,701,fouls.won
1002238,100115,1004,788,fouls.won
1002239,100115,1005,858,fouls.won
1002240,100115,1006,958,fouls.conceded
1002241,100115,1007,1372,fouls.won
1002242,100115,1008,1383,yellow.cards
1002243,100115,1009,1404,fouls.won
1002244,100115,1010,1419,fouls.won
1002245,100064,1001,21,fouls.won
1002246,100064,1002,59,fouls.won
1002247,100064,1003,73,fouls.conceded
1002248,100064,1004,238,fouls.won
1002249,100064,1005,248,fouls.won
1002250,100064,1006,361,fouls.won
1002251,100064,1007,506,fouls.conceded
1002252,100064,1008,538,fouls.won
1002253,100064,1009,610,fouls.won
1002254,100064,1010,649,fouls.won
1002255,100064,1011,823,fouls.won
1002256,100064,1012,857,fouls.conceded
1002257,100064,1013,943,fouls.won
1002258,100064,1014,979,fouls.won
1002259,100064,1015,991,fouls.won
1002260,100064,1016,998,fouls.won
1002261,100064,1017,1045,fouls.won
1002262,100064,1018,1049,fouls.won
1002263,100064,1019,1065,fouls.won
1002264,100064,1020,1073,fouls.won
1002265,100064,1021,1087,fouls.won
1002266,100080,1001,22,fouls.conceded
1002267,100080,1002,102,fouls.won
1002268,100080,1003,108,fouls.conceded
1002269,100080,1004,142,fouls.won
1002270,100080,1005,158,fouls.conceded
1002271,100080,1006,211,fouls.won
1002272,100080,1007,376,fouls.conceded
1002273,100080,1008,386,fouls.won
1002274,100080,1009,426,fouls.won
1002275,100080,1010,435,fouls.won
1002276,100080,1011,521,fouls.won
1002277,100080,1012,558,fouls.conceded
1002278,100080,1013,628,fouls.won
1002279,100080,1014,768,fouls.won
1002280,100080,1015,797,fouls.won
1002281,100080,1016,807,fouls.won
1002282,100080,1017,811,fouls.won
1002283,100080,1018,918,fouls.won
1002284,100080,1019,1001,fouls.conceded
1002285,100080,1020,1077,fouls.won
1002286,100080,1021,1111,fouls.won
1002287,100084,1001,201,fouls.won
1002288,100084,1002,215,fouls.conceded
1002289,100084,1003,279,fouls.conceded
1002290,100084,1004,349,fouls.won
1002291,100084,1005,377,fouls.won
1002292,100084,1006,466,fouls.won
1002293,100084,1007,539,fouls.won
1002294,100084,1008,544,fouls.conceded
1002295,100084,1009,698,fouls.conceded
1002296,100084,1010,731,fouls.won
1002297,100084,1011,850,fouls.won
1002298,100084,1012,1014,fouls.won
1002299,100084,1013,1136,fouls.won
1002300,100084,1014,1184,fouls.conceded
1002301,100100,1001,41,fouls.won
1002302,100100,1002,59,fouls.conceded
1002303,100100,1003,151,fouls.won
1002304,100100,1004,179,fouls.won
1002305,100100,1005,182,fouls.won
1002306,100100,1006,186,fouls.won
1002307,100100,1007,202,fouls.won
1002308,100100,1008,209,fouls.won
1002309,100100,1009,220,fouls.won
1002310,100100,1010,250,fouls.won
1002311,100100,1011,264,fouls.won
1002312,100100,1012,348,fouls.won
1002313,100100,1013,377,fouls.won
1002314,100100,1014,385,fouls.won
1002315,100100,1015,473,fouls.won
1002316,100100,1016,491,fouls.won
1002317,100100,1017,509,fouls.won
1002318,100100,1018,577,fouls.won
1002319,100100,1019,584,fouls.won
1002320,100100,1020,589,fouls.won
1002321,100100,1021,666,fouls.won
1002322,100100,1022,678,fouls.conceded
1002323,100100,1023,695,fouls.won
1002324,100100,1024,715,fouls.conceded
1002325,100100,1025,776,fouls.won
1002326,100100,1026,845,fouls.won
1002327,100100,1027,912,fouls.won
1002328,100100,1028,924,fouls.won
1002329,100110,1001,58,fouls.won
1002330,100110,1002,358,fouls.won
1002331,100110,1003,436,fouls.won
1002332,100110,1004,524,fouls.won
1002333,100110,1005,546,fouls.conceded
1002334,100110,1006,570,fouls.won
1002335,100110,1007,573,fouls.won
1002336,100110,1008,607,fouls.won
1002337,100110,1009,628,fouls.won
1002338,100110,1010,927,fouls.won
1002339,100110,1011,1036,fouls.won
1002340,100110,1012,1075,fouls.won
1002341,100110,1013,1125,fouls.won
1002342,100110,1014,1271,fouls.won
1002343,100110,1015,1316,fouls.won
1002344,100110,1016,1442,fouls.conceded
1002345,100070,1001,164,fouls.won
1002346,100070,1002,198,fouls.won
1002347,100070,1003,203,fouls.won
1002348,100070,1004,238,fouls.won
1002349,100070,1005,244,fouls.won
1002350,100070,1006,402,fouls.won
1002351,100070,1007,422,fouls.won
1002352,100070,1008,424,fouls.won
1002353,100070,1009,486,fouls.conceded
1002354,100070,1010,513,fouls.won
1002355,100070,1011,532,fouls.won
1002356,100070,1012,539,fouls.won
1002357,100070,1013,551,fouls.won
1002358,100070,1014,553,fouls.won
1002359,100070,1015,561,fouls.won
1002360,100070,1016,634,fouls.conceded
1002361,100070,1017,723,fouls.won
1002362,100070,1018,735,fouls.won
1002363,100070,1019,770,fouls.won
1002364,100070,1020,778,fouls.won
1002365,100070,1021,782,fouls.won
1002366,100070,1022,836,fouls.won
1002367,100070,1023,869,fouls.won
1002368,100070,1024,884,fouls.won
1002369,100070,1025,971,fouls.won
1002370,100070,1026,1039,fouls.conceded
1002371,100070,1027,1057,fouls.won
1002372,100070,1028,1110,fouls.conceded
1002373,100073,1001,17,fouls.won
1002374,100073,1002,164,fouls.won
1002375,100073,1003,236,fouls.conceded
1002376,100073,1004,364,fouls.won
1002377,100073,1005,417,fouls.conceded
1002378,100073,1006,545,fouls.won
1002379,100073,1007,587,fouls.won
1002380,100073,1008,631,fouls.won
1002381,100073,1009,666,fouls.won
1002382,100073,1010,705,fouls.conceded
1002383,100073,1011,707,fouls.won
1002384,100073,1012,841,fouls.conceded
1002385,100073,1013,855,fouls.conceded
1002386,100073,1014,878,fouls.won
1002387,100073,1015,944,penalties.won
1002388,100073,1016,953,fouls.conceded
1002389,100073,1017,997,fouls.conceded
1002390,100073,1018,1003,fouls.conceded
1002391,100073,1019,1043,fouls.won
1002392,100073,1020,1059,fouls.won
1002393,100073,1021,1173,fouls.won
1002394,100060,1001,224,fouls.won
1002395,100060,1002,261,fouls.won
1002396,100060,1003,391,fouls.conceded
1002397,100060,1004,435,fouls.won
1002398,100060,1005,443,fouls.won
1002399,100060,1006,552,fouls.conceded
1002400,100060,1007,682,fouls.won
1002401,100060,1008,842,fouls.won
1002402,100060,1009,905,fouls.won
1002403,100060,1010,967,fouls.won
1002404,100060,1011,1098,fouls.won
1002405,100060,1012,1112,fouls.won
1002406,100060,1013,1239,fouls.won
1002407,100060,1014,1290,penalties.won
1002408,100060,1015,1347,fouls.conceded
1002409,100060,1016,1375,fouls.won
1002410,100091,1001,43,fouls.won
1002411,100091,1002,359,fouls.won
1002412,100091,1003,400,fouls.won
1002413,100091,1004,466,fouls.won
1002414,100091,1005,801,fouls.conceded
1002415,100091,1006,812,fouls.conceded
1002416,100091,1007,887,fouls.won
1002417,100091,1008,889,fouls.conceded
1002418,100091,1009,889,yellow.cards
1002419,100091,1010,919,fouls.won
1002420,100091,1011,1045,fouls.won
1002421,100091,1012,1096,fouls.won
1002422,100091,1013,1121,fouls.won
1002423,100091,1014,1128,fouls.conceded
1002424,100091,1015,1128,yellow.cards
1002425,100091,1016,1173,fouls.conceded
1002426,100045,1001,79,fouls.won
1002427,100045,1002,200,fouls.conceded
1002428,100045,1003,232,fouls.won
1002429,100045,1004,607,fouls.won
1002430,100045,1005,694,penalties.won
1002431,100045,1006,733,fouls.won
1002432,100045,1007,805,fouls.won
1002433,100045,1008,878,fouls.won
1002434,100045,1009,952,fouls.won
1002435,100045,1010,955,fouls.won
1002436,100045,1011,1087,fouls.won
1002437,100045,1012,1196,fouls.conceded
1002438,100045,1013,1215,fouls.won
1002439,100136,1001,115,fouls.conceded
1002440,100136,1002,244,fouls.conceded
1002441,100136,1003,264,fouls.won
1002442,100136,1004,355,fouls.won
1002443,100136,1005,368,fouls.won
1002444,100136,1006,726,fouls.conceded
1002445,100136,1007,742,fouls.won
1002446,100136,1008,770,fouls.won
1002447,100136,1009,811,fouls.won
1002448,100136,1010,933,fouls.conceded
1002449,100136,1011,942,fouls.conceded
1002450,100136,1012,980,fouls.won
1002451,100136,1013,992,fouls.won
1002452,100136,1014,1008,fouls.conceded
1002453,100136,1015,1034,fouls.won
1002454,100136,1016,1042,fouls.won
1002455,100136,1017,1059,fouls.conceded
1002456,100136,1018,1092,fouls.won
1002457,100136,1019,1105,fouls.conceded
1002458,100136,1020,1111,fouls.won
1002459,100136,1021,1146,fouls.conceded
1002460,100136,1022,1217,fouls.conceded
1002461,100136,1023,1278,fouls.won
1002462,100136,1024,1382,fouls.conceded
1002463,100136,1025,1392,fouls.conceded
1002464,100136,1026,1657,yellow.cards
1002465,100019,1001,25,fouls.won
1002466,100019,1002,99,fouls.won
1002467,100019,1003,121,fouls.won
1002468,100019,1004,244,fouls.conceded
1002469,100019,1005,282,fouls.conceded
1002470,100019,1006,284,fouls.conceded
1002471,100019,1007,398,fouls.won
1002472,100019,1008,432,fouls.won
1002473,100019,1009,534,fouls.won
1002474,100019,1010,595,fouls.won
1002475,100019,1011,621,fouls.won
1002476,100019,1012,634,fouls.won
1002477,100019,1013,734,fouls.won
1002478,100019,1014,839,fouls.won
1002479,100019,1015,865,fouls.won
1002480,100019,1016,939,fouls.won
1002481,100019,1017,1091,fouls.won
1002482,100019,1018,1313,fouls.won
1002483,100018,1001,78,fouls.conceded
1002484,100018,1002,96,fouls.won
1002485,100018,1003,113,fouls.won
1002486,100018,1004,118,fouls.conceded
1002487,100018,1005,224,fouls.conceded
1002488,100018,1006,242,fouls.won
1002489,100018,1007,250,fouls.won
1002490,100018,1008,285,fouls.conceded
1002491,100018,1009,325,fouls.won
1002492,100018,1010,328,fouls.conceded
1002493,100018,1011,413,fouls.won
1002494,100018,1012,423,fouls.won
1002495,100018,1013,505,fouls.won
1002496,100018,1014,630,fouls.won
1002497,100018,1015,739,fouls.won
1002498,100018,1016,769,fouls.won
1002499,100018,1017,824,fouls.won
1002500,100018,1018,861,fouls.conceded
1002501,100018,1019,888,fouls.won
1002502,100018,1020,900,fouls.won
1002503,100018,1021,949,penalties.won
1002504,100018,1022,964,fouls.conceded
1002505,100016,1001,26,fouls.won
1002506,100016,1002,137,fouls.won
1002507,100016,1003,140,fouls.won
1002508,100016,1004,152,fouls.won
1002509,100016,1005,222,fouls.won
1002510,100016,1006,297,fouls.won
1002511,100016,1007,304,fouls.conceded
1002512,100016,1008,341,fouls.conceded
1002513,100016,1009,368,fouls.won
1002514,100016,1010,390,fouls.won
1002515,100016,1011,411,fouls.won
1002516,100016,1012,477,fouls.conceded
1002517,100016,1013,551,fouls.won
1002518,100016,1014,602,fouls.won
1002519,100016,1015,613,fouls.conceded
1002520,100016,1016,712,fouls.won
1002521,100016,1017,735,fouls.won
1002522,100016,1018,754,fouls.conceded
1002523,100016,1019,772,fouls.conceded
1002524,100016,1020,819,fouls.won
1002525,100016,1021,830,fouls.won
1002526,100016,1022,840,fouls.won
1002527,100016,1023,892,fouls.won
1002528,100016,1024,947,fouls.won
1002529,100016,1025,960,fouls.conceded
1002530,100016,1026,1092,fouls.conceded
1002531,100016,1027,1185,fouls.won
1002532,100016,1028,1236,fouls.won
1002533,100016,1029,1266,fouls.conceded
1002534,100017,1001,214,fouls.won
1002535,100017,1002,225,fouls.won
1002536,100017,1003,232,fouls.won
1002537,100017,1004,272,fouls.conceded
1002538,100017,1005,389,fouls.conceded
1002539,100017,1006,467,fouls.won
1002540,100017,1007,545,fouls.won
1002541,100017,1008,576,fouls.conceded
1002542,100017,1009,713,fouls.won
1002543,100017,1010,813,fouls.conceded
1002544,100017,1011,840,fouls.conceded
1002545,100017,1012,1033,fouls.won
1002546,100017,1013,1041,fouls.won
1002547,100017,1014,1083,fouls.won
1002548,100017,1015,1089,fouls.won
1002549,100017,1016,1129,fouls.conceded
1002550,100017,1017,1170,fouls.won
1002551,100017,1018,1206,fouls.won
1002552,100020,1001,31,fouls.conceded
1002553,100020,1002,41,fouls.conceded
1002554,100020,1003,137,fouls.won
1002555,100020,1004,223,fouls.won
1002556,100020,1005,254,fouls.won
1002557,100020,1006,460,fouls.conceded
1002558,100020,1007,478,fouls.won
1002559,100020,1008,526,fouls.won
1002560,100020,1009,650,fouls.conceded
1002561,100020,1010,683,fouls.conceded
1002562,100020,1011,722,fouls.won
1002563,100020,1012,761,fouls.won
1002564,100020,1013,797,fouls.conceded
1002565,100020,1014,898,fouls.won
1002566,100020,1015,914,fouls.won
1002567,100020,1016,985,fouls.won
1002568,100020,1017,997,fouls.won
1002569,100020,1018,1107,fouls.won
1002570,100020,1019,1241,fouls.won
1002571,100020,1020,1275,fouls.conceded
1002572,100138,1001,76,fouls.won
1002573,100138,1002,173,fouls.won
1002574,100138,1003,787,fouls.won
1002575,100138,1004,812,fouls.won
1002576,100138,1005,892,fouls.won
1002577,100138,1006,953,fouls.won
1002578,100138,1007,982,fouls.won
1002579,100138,1008,1335,fouls.won
1002580,100138,1009,1362,fouls.won
1002581,100139,1001,124,fouls.won
1002582,100139,1002,130,penalties.won
1002583,100139,1003,184,fouls.won
1002584,100139,1004,213,fouls.won
1002585,100139,1005,273,fouls.won
1002586,100139,1006,324,fouls.won
1002587,100139,1007,415,fouls.won
1002588,100139,1008,471,fouls.won
1002589,100139,1009,573,fouls.won
1002590,100139,1010,710,fouls.won
1002591,100139,1011,811,fouls.won
1002592,100139,1012,891,fouls.conceded
1002593,100139,1013,947,fouls.won
1002594,100139,1014,1038,fouls.won
1002595,100139,1015,1262,fouls.conceded
1002596,100137,1001,271,fouls.won
1002597,100137,1002,546,fouls.won
1002598,100137,1003,551,fouls.won
1002599,100137,1004,658,fouls.won
1002600,100137,1005,659,yellow.cards
1002601,100137,1006,673,fouls.won
1002602,100137,1007,680,fouls.conceded
1002603,100137,1008,804,fouls.won
1002604,100137,1009,1015,fouls.won
1002605,100137,1010,1206,fouls.won
1002606,100137,1011,1300,fouls.won
1002607,100137,1012,1384,fouls.won
1002608,100137,1013,1436,fouls.conceded
1002609,100137,1014,1465,fouls.won
1002610,100151,1001,1109,fouls.won
1002611,100151,1002,1315,fouls.conceded
1002612,100150,1001,192,fouls.won
1002613,100150,1002,322,fouls.conceded
1002614,100150,1003,467,fouls.won
1002615,100150,1004,667,fouls.conceded
1002616,100150,1005,750,fouls.conceded
1002617,100150,1006,866,fouls.won
1002618,100150,1007,906,fouls.won
1002619,100150,1008,1156,fouls.won
1002620,100149,1001,42,fouls.conceded
1002621,100149,1002,740,fouls.conceded
1002622,100149,1003,973,fouls.won
1002623,100149,1004,1075,yellow.cards
1002624,100149,1005,1217,fouls.won
1002625,100144,1001,47,fouls.won
1002626,100144,1002,390,fouls.conceded
1002627,100144,1003,543,fouls.won
1002628,100144,1004,547,fouls.won
1002629,100144,1005,703,fouls.won
1002630,100144,1006,745,fouls.won
1002631,100144,1007,1024,fouls.conceded
1002632,100144,1008,1058,fouls.conceded
1002633,100144,1009,1068,fouls.won
1002634,100144,1010,1247,fouls.won
1002635,100144,1011,1282,fouls.won
1002636,100145,1001,316,fouls.won
1002637,100145,1002,694,fouls.conceded
1002638,100145,1003,999,fouls.conceded
1002639,100145,1004,1150,fouls.conceded
